distance,elevation,terrain,dangerous,risk
147,100,rocky,1,237
148,0,dirt,1,208
126,850,dirt,0,140
134,1550,sand,0,171
64,1150,paved,1,119
36,1900,sand,1,125
108,900,sand,1,192
45,950,sand,0,79
117,750,rocky,1,210
12,1850,paved,0,21
35,600,sand,1,118
198,750,sand,1,281
112,1500,paved,1,169
129,500,dirt,1,191
62,100,paved,1,112
78,1900,paved,0,87
39,1200,sand,0,75
29,300,rocky,0,70
49,1100,rocky,1,144
115,750,sand,0,148
159,1650,dirt,0,177
69,1450,sand,0,106
170,550,dirt,1,232
198,1100,sand,1,283
58,0,paved,1,108
82,750,paved,1,135
115,1250,dirt,1,181
127,750,sand,1,210
155,1550,paved,0,162
126,1450,rocky,0,173
108,1700,sand,1,196
126,500,rocky,0,168
107,100,paved,1,157
138,200,paved,1,189
24,450,paved,1,76
125,400,rocky,1,217
199,1600,rocky,1,297
186,800,rocky,1,280
85,1650,dirt,0,103
83,1950,paved,0,92
165,1850,rocky,0,214
30,900,rocky,0,74
184,900,paved,0,188
153,1750,paved,1,211
42,1500,dirt,1,109
153,1250,dirt,1,219
47,250,dirt,1,108
54,300,sand,1,135
191,1650,rocky,1,289
171,1750,dirt,1,239
153,1150,paved,0,158
54,1350,rocky,1,150
167,600,paved,1,220
23,150,sand,1,103
93,1450,rocky,0,140
161,900,rocky,1,255
130,1550,sand,1,217
114,2000,sand,1,204
186,850,rocky,1,280
123,1850,rocky,0,172
177,1700,sand,1,265
44,1900,rocky,0,93
153,950,paved,1,207
167,1000,paved,1,222
157,1150,sand,0,192
62,500,sand,0,94
143,150,dirt,0,153
108,600,rocky,0,151
101,600,sand,0,134
134,1800,sand,0,173
169,1850,paved,0,178
145,1150,rocky,1,240
154,2000,dirt,0,174
31,1900,sand,0,70
8,1700,sand,0,46
102,1400,sand,0,139
38,1400,rocky,1,135
185,1400,dirt,1,252
109,1050,rocky,1,204
50,300,rocky,0,91
11,550,dirt,1,73
93,1750,rocky,0,141
155,150,dirt,1,215
58,150,dirt,0,68
163,1800,sand,0,202
78,100,rocky,1,168
20,1100,dirt,1,85
42,500,rocky,1,134
199,1050,paved,0,204
46,1850,rocky,0,95
132,1250,paved,1,188
31,750,paved,1,84
185,2000,sand,1,275
137,300,sand,1,218
156,750,sand,0,189
171,500,rocky,0,213
25,1600,rocky,0,73
148,1250,dirt,1,214
91,200,dirt,0,102
20,1250,paved,0,26
168,1350,sand,0,204
187,150,sand,1,267
161,1500,dirt,0,178
53,400,sand,0,85
64,750,rocky,1,157
142,50,dirt,0,152
32,50,paved,0,32
32,1200,paved,0,38
170,1350,dirt,1,236
13,1750,dirt,0,31
180,1200,rocky,1,276
86,550,paved,1,138
161,1450,rocky,1,258
171,200,dirt,1,232
65,550,paved,1,117
4,450,sand,0,36
135,950,dirt,0,149
138,350,sand,1,219
1,1800,sand,1,90
131,450,paved,0,133
156,150,dirt,0,166
55,450,sand,1,137
39,50,sand,0,69
123,950,rocky,1,217
45,2000,dirt,0,65
104,1900,dirt,1,173
169,550,sand,1,251
40,100,rocky,1,130
43,1500,sand,0,80
127,1650,sand,1,215
39,1000,sand,0,74
15,1450,paved,1,72
136,1650,paved,1,194
157,250,paved,0,158
9,0,sand,1,89
57,1500,paved,0,64
18,1150,rocky,1,113
80,550,dirt,1,142
140,1700,dirt,0,158
185,450,rocky,0,227
132,1900,rocky,1,231
49,200,dirt,0,60
19,1250,rocky,0,65
54,0,rocky,0,94
171,500,sand,1,253
162,650,dirt,1,225
77,1850,sand,0,116
16,1550,rocky,1,113
88,0,sand,1,168
129,1850,paved,1,188
183,900,rocky,0,227
30,1300,rocky,0,76
31,1450,dirt,0,48
97,1700,paved,0,105
134,1750,sand,1,222
22,1300,paved,1,78
123,700,rocky,0,166
114,1450,rocky,1,211
77,1750,dirt,1,145
43,700,rocky,1,136
147,1450,rocky,1,244
192,1750,rocky,0,240
129,1700,sand,1,217
78,550,dirt,0,90
96,1900,dirt,0,115
139,1800,paved,0,148
43,1300,sand,0,79
197,600,paved,0,200
120,1000,paved,0,125
10,50,dirt,1,70
117,1100,paved,1,172
162,1100,sand,0,197
40,800,paved,0,44
168,750,paved,1,221
199,900,sand,1,283
142,1350,sand,1,228
110,150,paved,1,160
171,1150,rocky,1,266
121,1100,paved,0,126
149,600,sand,1,232
51,0,rocky,0,91
196,500,dirt,1,258
93,1250,paved,1,149
64,600,paved,1,117
14,1750,sand,1,102
22,1950,paved,0,31
166,550,dirt,1,228
104,1750,dirt,1,172
180,700,rocky,1,273
49,700,sand,1,132
183,400,dirt,0,195
187,1650,dirt,0,205
21,1250,paved,0,27
177,1800,sand,1,266
126,1850,dirt,1,195
63,1200,rocky,1,159
131,300,rocky,0,172
64,150,paved,0,64
70,750,sand,1,153
194,900,sand,0,228
90,1800,dirt,0,109
4,1400,paved,1,61
158,1950,paved,0,167
153,400,rocky,0,195
122,1450,paved,0,129
21,1050,sand,0,56
164,150,rocky,0,204
169,150,paved,1,219
136,1300,sand,1,222
75,1850,dirt,1,144
186,1050,sand,0,221
67,900,sand,0,101
65,2000,rocky,1,165
119,1350,rocky,0,165
71,350,dirt,0,82
1,1400,sand,1,88
69,500,sand,0,101
175,2000,dirt,0,195
14,1850,dirt,0,33
16,1800,sand,1,105
119,1150,sand,1,204
19,600,sand,0,52
166,200,dirt,1,227
139,750,sand,1,222
13,1600,rocky,1,111
120,1900,paved,1,179
86,1500,rocky,1,183
138,1550,paved,1,195
65,1850,rocky,0,114
59,1200,rocky,1,155
175,850,paved,1,229
29,250,paved,1,80
112,750,dirt,0,125
197,0,sand,0,227
88,1800,dirt,0,107
43,1000,paved,1,98
122,600,rocky,0,165
153,1500,dirt,0,170
143,900,dirt,0,157
39,1550,sand,1,126
13,1200,dirt,0,29
97,0,rocky,1,187
105,1900,paved,0,114
150,500,sand,1,232
50,1850,rocky,1,149
61,1050,dirt,1,126
148,1850,paved,0,157
38,0,dirt,0,48
70,750,paved,1,123
106,150,rocky,1,196
179,0,dirt,0,189
158,1800,dirt,1,227
8,900,dirt,1,72
99,250,dirt,1,160
20,950,dirt,1,84
199,1500,sand,0,236
123,900,paved,1,177
18,250,sand,1,99
10,350,dirt,0,21
12,700,rocky,0,55
20,950,paved,1,74
95,1050,sand,1,180
66,1200,paved,0,72
120,700,paved,1,173
139,1100,sand,0,174
13,1000,rocky,1,108
83,500,dirt,1,145
127,300,sand,0,158
81,150,sand,0,111
132,900,paved,1,186
14,400,paved,1,66
59,1100,paved,1,114
140,1200,rocky,1,236
82,0,dirt,1,142
49,1100,sand,1,134
107,300,rocky,0,148
58,1200,sand,1,144
64,1850,rocky,0,113
17,700,rocky,0,60
41,150,paved,1,91
96,300,dirt,0,107
165,200,paved,1,216
61,200,rocky,1,152
67,350,paved,0,68
51,1800,paved,1,110
166,800,paved,1,220
155,350,sand,0,186
62,1400,dirt,1,129
169,1000,sand,0,204
111,150,rocky,0,151
112,800,dirt,1,176
37,1800,sand,1,126
53,1550,rocky,0,100
67,150,dirt,1,127
139,300,dirt,0,150
71,700,paved,0,74
15,1300,rocky,0,61
197,300,dirt,1,258
79,150,dirt,1,139
81,900,rocky,1,175
6,1900,dirt,0,25
171,650,paved,0,174
158,450,sand,1,240
65,1650,sand,0,103
174,1700,dirt,0,192
102,800,rocky,1,196
147,1250,rocky,1,243
107,1000,dirt,1,172
138,1250,paved,0,144
194,1550,rocky,0,241
10,1400,dirt,0,27
122,1850,dirt,0,141
62,300,dirt,0,73
156,1150,dirt,0,171
133,1450,dirt,0,150
182,1450,paved,0,189
127,300,paved,0,128
167,500,dirt,0,179
20,1450,paved,0,27
25,200,paved,0,26
123,1400,paved,0,130
192,300,dirt,0,203
164,1800,sand,0,203
136,850,sand,0,170
129,1700,dirt,1,197
52,1700,rocky,1,150
150,1700,sand,1,238
197,0,sand,0,227
67,1650,sand,0,105
157,1300,rocky,1,253
111,200,sand,0,142
198,1100,dirt,0,213
17,1200,sand,0,53
62,100,sand,1,142
197,1350,rocky,0,243
187,800,sand,1,271
64,0,sand,0,94
78,750,paved,0,81
45,600,paved,0,48
68,800,rocky,0,112
90,250,rocky,1,181
27,1250,rocky,1,123
196,1300,paved,1,252
86,0,paved,1,136
139,1800,paved,1,198
31,1550,dirt,1,98
20,800,paved,0,24
180,850,sand,1,264
155,1700,dirt,0,173
111,1350,sand,0,147
98,200,rocky,0,139
31,1450,rocky,1,128
86,450,paved,0,88
136,1500,sand,1,223
189,800,dirt,0,203
101,950,paved,1,155
147,1450,sand,1,234
4,1800,sand,0,43
130,850,dirt,0,144
130,1950,dirt,0,149
51,250,rocky,1,142
83,1400,sand,0,120
94,500,paved,0,96
134,1800,sand,0,173
94,1900,sand,1,183
35,1450,paved,1,92
186,800,rocky,1,280
17,250,sand,1,98
114,1100,rocky,0,159
96,1950,dirt,0,115
56,1200,paved,0,62
13,650,sand,1,96
105,0,rocky,1,195
3,200,sand,1,84
8,700,rocky,1,101
48,1650,paved,0,56
88,1300,rocky,1,184
47,1650,paved,0,55
28,100,dirt,0,38
193,150,rocky,1,283
147,850,rocky,1,241
147,200,dirt,1,208
124,1400,rocky,1,221
100,1950,rocky,0,149
119,850,dirt,0,133
35,50,sand,0,65
11,0,dirt,0,21
164,1250,paved,1,220
45,1900,paved,1,104
9,300,paved,0,10
63,1200,sand,0,99
189,1700,rocky,0,237
53,1500,rocky,1,150
119,1600,rocky,1,217
127,1950,sand,1,216
141,1100,paved,0,146
36,900,dirt,0,50
80,1000,paved,1,135
36,1450,rocky,0,83
107,1550,dirt,0,124
140,150,dirt,0,150
108,1250,rocky,1,204
40,1400,sand,1,127
105,1850,paved,1,164
172,100,rocky,0,212
169,250,paved,1,220
111,1750,paved,0,119
101,50,rocky,0,141
113,450,sand,1,195
154,350,rocky,0,195
166,1250,sand,1,252
135,1450,rocky,0,182
64,1650,paved,1,122
198,400,dirt,1,260
115,550,sand,1,197
126,850,rocky,1,220
43,850,paved,1,97
83,200,sand,1,164
29,1400,paved,0,36
89,700,paved,1,142
28,1000,dirt,1,93
33,1750,sand,0,71
50,1100,sand,1,135
53,950,paved,1,107
147,1650,dirt,1,215
186,50,paved,0,186
195,1050,sand,0,230
24,1600,paved,1,82
102,50,paved,0,102
22,300,sand,1,103
121,1700,paved,1,179
107,1250,paved,0,113
34,1850,dirt,0,53
146,400,rocky,0,188
127,1000,sand,0,162
148,1900,rocky,0,197
94,1000,paved,0,99
31,1800,sand,1,120
4,1550,dirt,0,21
110,1900,sand,0,149
99,1900,dirt,1,168
118,150,rocky,1,208
150,800,sand,0,184
134,900,rocky,1,228
199,1500,rocky,1,296
196,1350,paved,0,202
70,550,dirt,1,132
32,1300,rocky,1,128
174,1100,rocky,0,219
80,350,rocky,0,121
75,1950,dirt,1,144
52,1100,dirt,0,67
4,850,paved,0,8
117,1000,sand,1,202
98,300,paved,1,149
70,1450,sand,1,157
69,1300,paved,1,125
92,1450,paved,0,99
80,800,rocky,0,124
196,900,sand,0,230
178,1750,rocky,0,226
97,1050,rocky,1,192
93,350,paved,1,144
178,1400,rocky,0,225
42,500,dirt,1,104
37,1850,sand,1,126
57,1100,paved,0,62
143,100,rocky,0,183
69,2000,rocky,1,169
24,550,dirt,1,86
116,800,sand,0,150
148,1150,sand,0,183
148,450,rocky,1,240
79,1850,paved,1,138
166,600,dirt,1,229
13,1400,paved,0,20
184,1100,sand,0,219
101,1500,dirt,1,168
72,1150,dirt,1,137
16,250,paved,1,67
44,2000,sand,1,134
12,250,rocky,1,103
147,1300,sand,0,183
187,1700,dirt,1,255
84,700,sand,1,167
25,2000,dirt,1,95
153,1800,sand,1,242
112,850,paved,1,166
73,1250,sand,0,109
150,1200,sand,0,186
183,150,dirt,0,193
84,1800,sand,1,173
93,1400,paved,0,100
31,1850,sand,0,70
168,1750,paved,0,176
48,1650,sand,1,136
149,900,rocky,1,243
27,1450,dirt,1,94
26,1100,sand,1,111
68,1000,dirt,0,83
112,1850,dirt,0,131
27,1000,rocky,1,122
6,1550,sand,1,93
137,1100,sand,1,222
55,1300,paved,0,61
172,650,paved,0,175
39,1450,paved,0,46
149,900,rocky,1,243
45,1750,paved,0,53
2,700,dirt,0,15
150,2000,rocky,1,250
184,1600,paved,0,192
66,1900,dirt,0,85
93,500,dirt,1,155
197,1300,paved,0,203
13,950,sand,0,47
19,1600,sand,1,107
119,700,sand,1,202
134,1450,paved,0,141
67,100,paved,0,67
180,150,sand,1,260
142,1550,dirt,0,159
104,450,dirt,1,166
105,1850,paved,1,164
28,1450,rocky,0,75
43,1600,rocky,0,91
128,700,sand,1,211
196,850,dirt,1,260
93,1700,dirt,1,161
137,250,dirt,0,148
127,1950,paved,1,186
56,1800,rocky,0,105
24,1300,dirt,1,90
21,750,dirt,1,84
120,700,paved,1,173
45,550,paved,1,97
52,550,sand,0,84
47,1650,sand,1,135
129,350,dirt,0,140
155,650,dirt,0,168
131,800,dirt,1,195
107,1500,sand,0,144
127,1150,sand,0,162
1,1900,dirt,0,20
11,1750,dirt,1,79
126,900,rocky,0,170
31,1000,dirt,1,96
21,650,paved,1,74
184,0,paved,1,234
117,600,dirt,0,130
3,200,dirt,1,64
130,1700,sand,1,218
18,750,paved,0,21
3,300,rocky,1,94
196,1200,sand,1,282
147,1750,paved,0,155
54,350,rocky,1,145
147,150,sand,1,227
112,1400,dirt,0,129
55,1900,dirt,0,74
113,1050,sand,0,148
1,1300,rocky,1,97
176,800,dirt,0,190
136,0,sand,1,216
146,1450,paved,1,203
100,150,paved,1,150
102,500,paved,0,104
146,650,sand,0,179
111,300,sand,0,142
137,1550,sand,1,224
158,600,paved,1,211
117,1400,dirt,1,184
72,1900,rocky,1,171
100,500,sand,1,182
168,300,paved,0,169
129,650,dirt,0,142
43,500,paved,1,95
84,1300,sand,1,170
148,1500,rocky,0,195
188,1150,dirt,0,203
114,1600,rocky,1,212
189,1350,sand,0,225
70,1600,paved,0,78
43,850,paved,1,97
36,200,paved,1,87
51,600,sand,0,84
140,1250,dirt,1,206
167,1050,dirt,0,182
192,1350,rocky,0,238
185,1100,sand,1,270
46,550,rocky,1,138
146,1900,paved,1,205
39,850,sand,0,73
29,1950,rocky,1,128
71,1550,rocky,1,168
136,700,rocky,0,179
179,50,dirt,1,239
188,200,sand,1,269
155,300,dirt,0,166
50,550,rocky,0,92
81,550,sand,0,113
62,1050,rocky,1,157
62,1650,dirt,1,130
139,0,sand,0,169
94,0,rocky,0,134
180,200,sand,1,261
61,950,sand,0,95
11,1050,rocky,1,106
117,200,dirt,1,178
104,1500,sand,0,141
126,1600,dirt,1,194
2,450,dirt,0,14
67,1800,sand,0,106
177,1700,sand,1,265
10,0,paved,0,10
85,1350,dirt,0,101
15,150,dirt,0,25
106,1100,paved,1,161
134,1450,sand,1,221
29,400,sand,1,111
100,1900,rocky,0,149
191,550,paved,1,243
133,1500,dirt,0,150
194,1300,rocky,0,240
6,300,dirt,1,67
22,750,dirt,1,85
139,150,sand,1,219
169,100,rocky,1,259
50,0,sand,0,80
70,1600,rocky,1,168
128,700,rocky,0,171
21,600,dirt,1,84
43,1250,paved,0,49
20,1250,sand,0,56
68,450,sand,0,100
42,1600,dirt,1,110
195,1550,rocky,0,242
100,1050,paved,0,105
65,750,sand,1,148
188,450,dirt,0,200
136,300,rocky,1,227
151,1100,paved,1,206
175,200,rocky,0,216
96,1300,rocky,0,142
102,1650,paved,1,160
63,100,dirt,1,123
131,1900,paved,0,140
122,650,dirt,1,185
147,1150,sand,0,182
84,1600,paved,0,92
113,150,sand,1,193
94,1750,dirt,1,162
187,1050,paved,0,192
39,450,sand,0,71
129,1100,dirt,1,194
53,150,dirt,1,113
174,150,paved,1,224
30,1400,paved,0,37
178,1500,rocky,0,225
36,100,dirt,0,46
193,400,dirt,1,255
29,2000,rocky,1,129
67,1150,dirt,1,132
86,2000,paved,1,146
165,1750,sand,0,203
110,1950,dirt,0,129
188,1100,sand,0,223
110,1850,dirt,0,129
108,450,paved,0,110
11,1450,rocky,1,108
93,1150,sand,1,178
88,50,sand,1,168
110,1300,dirt,1,176
50,1900,paved,0,59
74,700,rocky,0,117
19,1750,rocky,1,117
145,1800,sand,1,234
2,400,paved,1,54
37,300,sand,0,68
172,550,dirt,0,184
57,250,paved,1,108
156,100,rocky,1,246
181,1550,rocky,1,278
73,1550,paved,0,80
137,1700,paved,0,145
75,50,paved,1,125
26,1900,dirt,0,45
195,650,paved,1,248
186,450,paved,1,238
165,950,sand,1,249
72,950,rocky,1,166
58,550,paved,1,110
67,1800,sand,0,106
26,1400,paved,0,33
60,1700,rocky,0,108
53,1000,paved,0,58
173,100,sand,0,203
137,2000,sand,0,177
196,1950,sand,1,285
37,1600,dirt,0,55
35,1000,sand,0,70
131,1850,paved,1,190
113,1550,dirt,1,180
140,300,dirt,0,151
17,1950,sand,1,106
170,650,sand,1,253
27,1350,paved,0,33
161,850,sand,1,245
79,1950,rocky,1,178
126,850,rocky,0,170
124,2000,dirt,1,194
183,700,rocky,1,276
161,950,rocky,0,205
111,1150,rocky,1,206
5,1550,rocky,0,52
188,1050,dirt,0,203
111,800,sand,1,195
43,1550,dirt,1,110
89,1000,paved,0,94
55,1550,dirt,1,122
7,1550,dirt,0,24
136,1100,dirt,0,151
51,400,paved,0,53
147,1450,paved,1,204
178,1750,dirt,1,246
121,1450,sand,1,208
153,950,paved,0,157
66,1400,rocky,0,113
149,1950,paved,1,208
37,1250,sand,0,73
168,1050,dirt,0,183
87,1000,paved,0,92
142,1300,sand,0,178
75,400,dirt,1,137
162,250,paved,0,163
155,1550,paved,1,212
88,900,rocky,0,132
117,1200,rocky,1,213
156,1800,rocky,0,205
155,600,dirt,0,168
60,1300,dirt,1,126
108,1850,dirt,1,177
157,550,sand,0,189
193,1150,sand,0,228
2,400,rocky,0,44
11,300,paved,0,12
200,250,rocky,1,291
93,1250,rocky,0,139
117,1700,dirt,0,135
50,100,paved,0,50
85,1300,rocky,0,131
124,1200,paved,0,130
31,900,sand,0,65
134,400,rocky,0,176
123,950,paved,1,177
79,1000,sand,0,114
85,250,dirt,1,146
82,1300,sand,1,168
148,900,sand,1,232
103,2000,paved,1,163
190,1450,rocky,0,237
29,450,paved,0,31
160,250,rocky,0,201
2,500,rocky,1,94
69,550,dirt,1,131
152,250,rocky,1,243
37,1950,paved,1,96
183,200,rocky,0,224
30,1300,paved,0,36
146,1000,rocky,0,191
171,1700,dirt,1,239
43,400,paved,0,45
111,1300,paved,0,117
4,700,dirt,1,67
54,250,dirt,0,65
33,150,sand,1,113
27,400,dirt,1,89
84,350,dirt,1,145
134,350,paved,1,185
33,1200,dirt,1,99
44,500,dirt,0,56
171,700,paved,1,224
86,650,sand,1,169
115,1600,sand,0,153
169,1000,paved,0,174
40,600,rocky,1,133
197,400,sand,0,229
183,600,rocky,0,226
146,1300,sand,1,232
23,1550,rocky,0,70
135,300,sand,0,166
195,1100,dirt,0,210
140,1750,paved,0,148
75,50,sand,1,155
200,1150,paved,0,205
98,1650,rocky,1,196
47,50,paved,0,47
192,1300,dirt,0,208
169,1700,rocky,1,267
161,500,sand,1,243
158,0,rocky,0,198
151,1500,sand,0,188
87,850,sand,1,171
24,1050,dirt,0,39
24,600,dirt,1,87
174,1000,sand,0,209
80,350,sand,0,111
191,700,sand,0,224
19,2000,dirt,0,39
128,1900,rocky,0,177
104,1000,rocky,0,149
79,200,dirt,0,90
64,300,rocky,1,155
66,700,sand,0,99
117,1700,dirt,1,185
139,600,sand,0,172
15,600,dirt,1,78
103,2000,sand,0,143
107,900,rocky,1,201
1,1950,sand,1,90
164,1950,sand,1,253
43,450,rocky,1,135
112,950,rocky,0,156
118,1800,paved,1,177
90,800,sand,1,174
175,200,rocky,1,266
11,500,sand,0,43
65,1650,paved,1,123
194,1600,sand,0,232
138,1150,rocky,0,183
150,1150,sand,1,235
32,1150,rocky,1,127
133,1700,rocky,1,231
73,1650,rocky,1,171
22,900,dirt,0,36
198,850,paved,0,202
167,2000,sand,1,257
124,1650,paved,0,132
88,850,sand,0,122
168,550,sand,1,250
21,850,paved,0,25
89,1700,dirt,1,157
96,700,sand,1,179
14,1900,dirt,1,83
198,100,rocky,1,288
15,1150,sand,0,50
186,600,dirt,1,249
108,250,sand,1,189
9,1900,rocky,0,58
150,1900,rocky,0,199
151,600,paved,0,154
119,1900,sand,1,208
27,1500,sand,0,64
57,1500,rocky,0,104
153,1800,rocky,1,252
66,1500,paved,0,73
74,900,sand,1,158
121,1850,paved,1,180
158,400,sand,1,240
178,500,rocky,0,220
25,150,sand,1,105
130,1100,paved,1,185
158,150,sand,1,238
76,1500,dirt,0,93
9,1400,rocky,1,106
153,1050,paved,0,158
25,1400,rocky,0,72
153,1650,dirt,1,221
155,1900,sand,0,194
166,750,paved,0,169
40,700,rocky,1,133
157,1300,sand,1,243
3,1150,sand,0,38
41,1700,rocky,0,89
32,250,paved,1,83
27,1000,sand,1,112
127,400,paved,1,179
48,450,dirt,1,110
13,1250,dirt,0,29
49,1650,rocky,0,97
31,1400,dirt,1,98
105,1700,sand,0,143
71,1900,paved,0,80
10,1800,paved,0,19
116,950,paved,1,170
145,850,sand,1,229
185,100,rocky,0,225
153,50,rocky,1,243
148,1650,sand,1,236
116,1650,rocky,1,214
97,1000,sand,1,182
45,700,rocky,0,88
135,1300,dirt,1,201
15,150,rocky,0,55
1,1200,paved,0,7
180,750,dirt,0,193
168,250,rocky,1,259
108,1200,sand,0,144
126,600,rocky,1,219
19,500,paved,0,21
166,1300,sand,1,252
188,1350,sand,1,274
67,650,dirt,1,130
123,400,rocky,1,215
104,0,rocky,1,194
199,50,sand,1,279
66,1000,sand,1,151
192,1700,sand,1,280
112,0,rocky,1,202
19,600,sand,0,52
43,1550,paved,1,100
25,1450,paved,0,32
200,950,paved,0,204
38,1100,sand,1,123
11,300,rocky,1,102
161,200,dirt,1,222
153,1950,rocky,0,202
92,850,paved,0,96
72,1350,dirt,0,88
132,1550,paved,0,139
135,300,sand,0,166
69,700,dirt,1,132
134,1650,paved,1,192
17,1150,rocky,1,112
130,1450,dirt,1,197
16,1600,sand,1,104
158,900,sand,0,192
81,1850,dirt,0,100
107,1200,dirt,1,173
42,2000,dirt,0,62
180,1100,paved,1,235
72,1450,dirt,0,89
38,250,paved,0,39
172,1000,rocky,1,267
60,1700,sand,1,148
125,1550,sand,1,212
100,2000,dirt,1,170
129,400,dirt,1,191
111,850,paved,1,165
20,1350,paved,0,26
10,450,sand,0,42
12,350,sand,1,93
63,450,sand,1,145
101,1050,dirt,0,116
8,650,sand,1,91
109,1200,sand,0,145
94,1200,paved,1,150
73,1150,sand,1,158
17,1250,dirt,0,33
11,1500,sand,0,48
100,650,rocky,1,193
32,800,rocky,1,126
61,1800,sand,0,100
69,1950,sand,1,158
66,1550,rocky,0,113
12,1700,sand,1,100
41,1600,sand,1,129
151,1800,sand,1,240
158,1850,sand,0,197
183,1450,sand,1,270
54,100,paved,0,54
60,1400,sand,0,97
93,1300,paved,0,99
32,1600,sand,0,70
26,450,sand,0,58
51,1750,dirt,1,119
110,1450,rocky,0,157
103,1700,sand,0,141
62,1800,paved,1,121
90,1850,sand,0,129
74,1450,rocky,0,121
195,250,paved,1,246
160,500,dirt,0,172
48,1500,rocky,1,145
123,50,rocky,1,213
64,700,rocky,1,157
187,650,dirt,0,200
26,700,sand,0,59
141,700,sand,1,224
45,850,sand,0,79
37,950,rocky,1,131
7,950,rocky,0,51
163,850,dirt,1,227
169,1700,sand,0,207
107,1050,paved,1,162
90,100,dirt,0,100
97,1300,rocky,0,143
155,450,sand,0,187
196,550,sand,1,278
70,1800,rocky,1,169
16,600,dirt,0,29
93,800,sand,1,177
3,1550,rocky,0,50
153,300,paved,0,154
150,200,paved,1,201
199,2000,sand,0,239
185,1850,dirt,0,204
2,600,rocky,0,45
109,1850,sand,0,148
109,700,dirt,1,172
1,1550,sand,0,38
31,300,paved,0,32
70,850,rocky,1,164
6,100,paved,1,56
156,1300,paved,1,212
2,900,dirt,0,16
132,1950,dirt,1,201
38,550,rocky,0,80
32,1150,paved,0,37
37,800,rocky,0,81
183,1550,dirt,1,250
15,900,paved,1,69
130,250,paved,0,131
134,1600,rocky,0,182
64,1100,paved,1,119
22,450,paved,0,24
46,300,dirt,0,57
65,800,dirt,1,129
197,400,paved,1,249
32,1550,dirt,1,99
193,2000,paved,1,253
109,400,rocky,1,201
130,2000,dirt,0,150
90,1800,paved,1,149
8,950,sand,1,92
50,400,sand,1,132
113,0,paved,1,163
14,350,dirt,1,75
14,50,sand,1,94
5,200,rocky,1,96
137,1250,dirt,1,203
166,750,paved,0,169
147,1400,sand,0,184
89,300,sand,1,170
169,650,dirt,1,232
45,250,paved,0,46
190,1900,paved,0,199
194,350,sand,0,225
160,1100,rocky,0,205
124,1000,rocky,1,219
59,1050,dirt,1,124
145,150,dirt,1,205
140,400,rocky,0,182
155,150,rocky,0,195
70,1100,rocky,0,115
9,800,paved,0,13
6,850,sand,1,90
82,1300,sand,0,118
104,1000,paved,1,159
123,500,dirt,1,185
192,1400,rocky,0,239
194,300,dirt,0,205
85,750,rocky,0,128
48,1000,rocky,1,143
191,100,rocky,1,281
116,0,sand,1,196
144,1850,sand,0,183
125,850,rocky,1,219
75,1300,rocky,1,171
119,1700,dirt,1,187
183,1100,dirt,0,198
158,650,sand,0,191
161,50,sand,1,241
83,1150,rocky,0,128
133,900,rocky,1,227
76,900,rocky,0,120
181,750,rocky,0,224
18,1550,sand,1,105
55,1650,sand,0,93
84,1700,dirt,1,152
185,1650,rocky,0,233
80,450,sand,1,162
89,2000,dirt,0,109
115,1200,sand,1,201
141,1750,rocky,1,239
158,1250,sand,1,244
93,1050,dirt,1,158
133,1750,sand,1,221
76,950,paved,1,130
119,1050,rocky,1,214
188,850,paved,1,242
90,300,paved,0,91
94,300,paved,1,145
73,1700,sand,0,111
64,1200,rocky,1,160
76,1150,rocky,0,121
81,1950,sand,1,170
7,1850,rocky,0,56
43,1100,dirt,1,108
161,1500,paved,0,168
97,1850,dirt,0,116
128,1100,dirt,0,143
152,1950,paved,0,161
11,200,sand,1,92
111,0,rocky,1,201
133,1900,sand,0,172
113,700,paved,1,166
42,1050,dirt,1,107
3,450,paved,0,5
95,550,paved,0,97
95,800,dirt,1,159
21,600,rocky,1,114
79,850,paved,1,133
4,850,dirt,0,18
72,1150,rocky,0,117
93,300,rocky,1,184
42,1900,rocky,0,91
53,700,rocky,0,96
159,1950,sand,0,198
16,750,sand,1,99
99,0,paved,1,149
139,800,dirt,1,203
12,1200,rocky,1,108
194,1850,dirt,0,213
53,300,dirt,0,64
179,450,dirt,0,191
67,350,paved,1,118
195,1800,sand,1,284
14,950,sand,1,98
89,1800,paved,1,148
80,600,paved,1,133
133,1550,dirt,0,150
35,1900,sand,0,74
182,1500,dirt,0,199
86,1600,paved,1,144
167,1550,dirt,1,234
61,850,dirt,0,75
62,100,dirt,1,122
31,1850,dirt,0,50
94,1650,dirt,0,112
15,1150,dirt,0,30
148,700,rocky,1,241
57,1100,rocky,1,152
118,1700,rocky,1,216
109,900,sand,0,143
11,400,sand,0,43
119,950,dirt,1,183
66,1650,dirt,0,84
187,1200,sand,0,223
41,1950,dirt,0,60
165,750,paved,0,168
136,50,rocky,1,226
16,1900,paved,0,25
191,1800,sand,0,230
153,2000,sand,1,243
148,1100,rocky,0,193
195,950,rocky,1,289
48,300,sand,0,79
183,200,dirt,1,244
112,300,dirt,1,173
134,150,sand,1,214
142,1500,dirt,1,209
24,1050,sand,1,109
8,1600,sand,1,96
120,400,dirt,1,182
79,700,sand,1,162
127,1500,paved,1,184
55,1600,rocky,0,103
120,650,paved,1,173
91,1900,rocky,0,140
188,800,dirt,1,252
93,1550,paved,0,100
18,600,dirt,0,31
195,1250,paved,1,251
162,2000,dirt,0,182
106,1450,dirt,1,173
157,1200,rocky,1,253
130,1700,rocky,0,178
162,1350,dirt,0,178
171,0,rocky,1,261
31,100,dirt,1,91
41,250,rocky,1,132
151,1700,sand,0,189
144,450,dirt,1,206
142,50,sand,0,172
23,1600,rocky,0,71
85,1900,rocky,0,134
94,1350,paved,0,100
165,700,dirt,1,228
50,850,dirt,0,64
84,1750,rocky,1,182
200,150,rocky,0,240
99,300,dirt,0,110
34,1750,rocky,1,132
81,900,paved,1,135
123,150,sand,0,153
28,50,paved,1,78
175,1300,dirt,1,241
139,2000,paved,1,199
181,950,sand,0,215
180,400,rocky,0,222
125,0,sand,0,155
90,1750,dirt,0,108
168,2000,sand,0,208
41,800,dirt,1,105
159,550,paved,1,211
1,800,paved,1,55
196,1600,sand,1,284
131,0,sand,1,211
17,1800,sand,0,56
192,550,rocky,1,284
78,1550,dirt,0,95
32,750,rocky,1,125
47,500,rocky,1,139
77,0,dirt,1,137
23,800,paved,1,77
130,700,rocky,1,223
89,1750,paved,0,97
32,1300,sand,0,68
52,1050,paved,0,57
145,750,paved,1,198
2,1200,sand,0,38
157,1250,paved,0,163
130,950,paved,1,184
80,1700,rocky,1,178
88,100,paved,0,88
184,0,rocky,0,224
90,850,sand,0,124
77,350,sand,0,108
184,250,rocky,1,275
183,500,dirt,0,195
41,800,dirt,0,55
190,900,rocky,0,234
195,1500,sand,0,232
10,1450,rocky,1,107
161,1950,sand,1,250
24,1100,dirt,1,89
8,1650,sand,0,46
92,1500,dirt,0,109
99,750,sand,0,132
112,950,dirt,0,126
56,1850,paved,0,65
114,250,dirt,1,175
153,300,rocky,0,194
31,1400,paved,1,88
62,1950,rocky,0,111
36,850,rocky,0,80
110,650,sand,0,143
29,1200,sand,1,115
160,750,dirt,1,223
66,900,sand,0,100
31,50,dirt,1,91
116,850,sand,0,150
44,1900,dirt,1,113
32,1750,paved,1,90
94,950,rocky,0,138
63,1000,paved,1,118
91,250,sand,0,122
150,1400,paved,0,157
154,1150,paved,1,209
80,1600,paved,1,138
133,200,sand,0,164
171,1100,sand,1,256
108,2000,paved,1,168
99,1150,dirt,0,114
139,1200,dirt,0,155
103,1650,rocky,1,201
194,1500,rocky,1,291
93,1450,sand,0,130
188,1200,sand,1,274
154,1750,dirt,0,172
19,1700,dirt,0,37
134,400,rocky,0,176
188,600,paved,0,191
175,1100,sand,1,260
176,350,paved,1,227
36,1900,paved,0,45
31,1800,paved,1,90
134,1700,rocky,0,182
53,1000,paved,1,108
190,200,sand,1,271
155,1600,dirt,0,173
147,1450,paved,1,204
70,450,sand,0,102
105,250,dirt,1,166
167,1200,paved,0,173
53,600,sand,1,136
40,800,rocky,1,134
139,450,dirt,1,201
50,650,rocky,1,143
113,2000,sand,0,153
42,1550,paved,0,49
67,1700,paved,1,125
71,1200,dirt,0,87
5,450,dirt,0,17
64,150,sand,0,94
115,1950,dirt,1,184
61,350,rocky,0,102
193,300,dirt,1,254
119,1500,dirt,1,186
5,1650,rocky,1,103
142,1700,rocky,1,240
83,1550,dirt,0,100
76,850,paved,0,80
189,850,rocky,0,233
176,1300,sand,0,212
85,350,paved,1,136
175,1200,rocky,0,221
21,1650,dirt,1,89
105,1900,paved,1,164
89,1650,rocky,1,187
174,1200,dirt,0,190
42,100,rocky,1,132
72,1000,paved,1,127
80,650,rocky,0,123
83,350,rocky,1,174
149,1850,paved,1,208
92,1650,rocky,1,190
144,50,paved,0,144
186,1050,rocky,0,231
62,1900,dirt,0,81
32,400,rocky,0,74
104,1950,sand,1,193
49,1500,rocky,0,96
145,250,dirt,1,206
111,550,paved,0,113
151,1900,dirt,1,220
67,500,dirt,0,79
86,1550,dirt,1,153
149,1900,paved,1,208
4,900,paved,1,58
31,200,rocky,1,122
171,2000,sand,1,261
32,50,paved,1,82
44,450,dirt,0,56
191,100,rocky,1,281
171,500,dirt,1,233
38,1550,rocky,1,135
130,1850,rocky,0,179
3,1200,sand,0,39
192,1100,dirt,0,207
158,1150,rocky,0,203
149,950,paved,0,153
169,1100,rocky,1,264
196,1550,dirt,0,213
20,800,sand,1,104
174,700,rocky,0,217
156,950,sand,0,190
178,1850,paved,1,237
42,300,rocky,0,83
26,1550,sand,1,113
51,600,sand,0,84
180,800,rocky,1,274
75,400,paved,0,77
118,1700,dirt,1,186
125,2000,sand,0,165
51,1100,rocky,1,146
169,950,sand,1,253
39,950,dirt,0,53
185,1700,dirt,1,253
1,2000,rocky,0,51
91,850,sand,1,175
24,350,paved,1,75
58,2000,dirt,0,78
128,500,dirt,1,190
180,500,dirt,1,242
47,1750,paved,1,105
160,1300,dirt,0,176
192,1900,dirt,1,261
170,1000,rocky,1,265
123,850,rocky,1,217
142,1700,rocky,1,240
183,1150,paved,0,188
169,1550,rocky,1,266
183,1100,dirt,1,248
4,1200,rocky,0,50
100,1750,sand,1,188
143,650,rocky,1,236
30,600,sand,1,113
22,750,paved,0,25
126,1700,sand,0,164
144,800,paved,0,148
76,1250,dirt,1,142
174,1150,paved,0,179
198,1750,sand,1,286
83,150,paved,0,83
113,950,sand,0,147
28,150,dirt,0,38
96,1900,dirt,1,165
51,250,rocky,0,92
68,1950,sand,1,157
154,200,sand,0,185
107,500,dirt,1,169
19,150,rocky,0,59
93,1650,rocky,1,191
139,1650,rocky,1,237
138,400,dirt,0,150
10,1700,sand,1,98
134,350,sand,0,165
168,1550,paved,1,225
98,1000,rocky,1,193
8,400,rocky,1,100
190,1250,sand,0,226
148,800,rocky,0,192
140,400,sand,1,222
131,500,sand,0,163
45,800,dirt,0,59
38,1650,rocky,0,86
128,350,rocky,1,219
181,750,sand,1,264
108,1150,sand,1,193
20,1200,paved,1,76
188,50,sand,0,218
15,750,dirt,0,28
199,0,paved,1,249
46,850,rocky,1,140
103,0,sand,0,133
72,150,dirt,0,82
173,850,dirt,1,237
27,1650,sand,1,115
172,1900,rocky,0,221
93,450,sand,1,175
152,1600,dirt,0,170
123,1150,rocky,1,218
25,200,rocky,0,66
99,1050,paved,0,104
173,800,sand,1,257
180,700,dirt,1,243
38,650,rocky,0,81
188,1250,paved,0,194
81,1300,sand,0,117
81,150,paved,0,81
14,1350,paved,1,70
38,1350,sand,0,74
68,250,dirt,0,79
71,2000,sand,1,161
94,100,rocky,0,134
3,800,sand,1,87
33,850,paved,1,87
113,800,sand,1,197
168,100,dirt,0,178
60,150,paved,0,60
88,200,sand,1,169
155,1700,rocky,1,253
128,950,sand,1,212
108,1200,sand,1,194
35,500,rocky,0,77
10,600,dirt,1,73
88,0,dirt,1,148
32,1300,rocky,0,78
20,550,paved,1,72
81,50,rocky,1,171
1,450,paved,0,3
47,2000,rocky,0,97
40,800,sand,1,124
68,1000,dirt,0,83
167,1350,sand,0,203
37,900,rocky,1,131
150,1150,paved,1,205
21,1200,dirt,1,87
130,1650,paved,1,188
99,850,paved,1,153
152,400,rocky,1,244
78,2000,dirt,0,98
89,1850,paved,1,148
105,400,paved,0,107
77,1300,paved,0,83
185,400,dirt,0,197
139,1500,sand,0,176
137,650,dirt,1,200
118,150,rocky,0,158
49,200,dirt,0,60
59,1650,sand,1,147
123,350,dirt,0,134
110,100,rocky,0,150
166,150,dirt,0,176
18,200,dirt,1,79
2,450,sand,0,34
30,2000,paved,0,40
11,1300,paved,1,67
175,450,dirt,1,237
17,1250,dirt,0,33
59,1200,sand,1,145
58,400,dirt,1,120
87,1650,rocky,1,185
192,0,rocky,0,232
197,1450,paved,0,204
22,1200,sand,1,108
6,1800,rocky,0,55
20,100,rocky,1,110
183,1650,dirt,1,251
197,0,paved,1,247
115,350,paved,1,166
68,1350,sand,0,104
153,750,rocky,1,246
72,50,rocky,0,112
90,1250,paved,1,146
61,1450,rocky,1,158
124,950,sand,1,208
64,1350,sand,1,150
59,0,paved,1,109
174,2000,paved,1,234
155,1450,paved,1,212
72,1250,rocky,0,118
158,1350,dirt,0,174
61,1700,rocky,0,109
162,350,dirt,0,173
170,1650,dirt,0,188
163,1000,dirt,1,228
106,650,rocky,1,199
127,550,sand,0,159
39,150,sand,1,119
43,100,sand,1,123
129,750,dirt,0,142
129,2000,paved,1,189
152,100,rocky,1,242
49,250,sand,1,130
31,100,dirt,0,41
152,300,rocky,1,243
114,1400,sand,1,201
46,900,dirt,1,110
120,1250,paved,0,126
3,1100,sand,0,38
83,900,dirt,1,147
7,1450,dirt,1,74
59,1550,paved,0,66
156,1550,rocky,1,253
194,1600,dirt,1,262
144,400,sand,1,226
93,400,sand,0,125
67,1500,rocky,1,164
4,1950,rocky,0,53
68,650,paved,0,71
144,1150,dirt,1,209
9,1650,sand,0,47
141,350,sand,1,222
195,1750,rocky,0,243
78,1900,sand,0,117
82,750,dirt,0,95
122,900,dirt,0,136
168,1300,dirt,1,234
111,550,sand,1,193
68,50,dirt,1,128
108,500,paved,0,110
133,1950,dirt,0,152
101,1250,dirt,1,167
200,1650,dirt,1,268
148,1000,paved,0,153
33,200,paved,0,34
136,1850,paved,1,195
1,1100,paved,0,6
180,1050,dirt,1,245
96,1350,paved,0,102
139,550,dirt,1,201
134,700,rocky,0,177
95,350,sand,0,126
123,300,dirt,0,134
168,950,sand,0,202
114,300,sand,0,145
40,1600,rocky,1,138
12,1950,sand,0,51
184,1150,rocky,0,229
107,900,dirt,1,171
186,1450,dirt,0,203
112,1650,rocky,1,210
89,1550,paved,0,96
148,1200,dirt,1,214
154,850,paved,0,158
106,1300,paved,1,162
21,150,sand,1,101
14,1400,dirt,1,81
189,1450,paved,1,246
28,600,dirt,0,41
76,1900,sand,0,115
56,1000,rocky,0,101
158,750,dirt,1,221
12,1800,rocky,1,111
88,1050,paved,1,143
199,250,rocky,1,290
185,250,sand,0,216
86,1550,rocky,1,183
107,1050,paved,0,112
151,650,sand,1,234
68,550,dirt,0,80
197,700,rocky,0,240
120,1150,dirt,1,185
113,700,rocky,1,206
101,1350,sand,1,187
45,1050,paved,1,100
33,750,sand,0,66
150,1300,paved,0,156
84,1700,sand,0,122
181,150,paved,0,181
92,1650,paved,1,150
113,1500,dirt,0,130
72,1650,rocky,0,120
76,1450,sand,1,163
43,1400,rocky,0,90
172,500,dirt,0,184
174,1250,rocky,0,220
66,550,rocky,0,108
143,800,rocky,1,237
16,1200,paved,0,22
130,1950,paved,1,189
70,700,rocky,0,113
152,1200,sand,0,188
61,200,paved,1,112
167,1450,rocky,0,214
165,1950,paved,0,174
81,1000,rocky,0,126
18,450,rocky,0,60
157,850,sand,0,191
193,1500,sand,0,230
4,1750,rocky,0,52
83,300,dirt,1,144
62,1450,paved,1,119
80,600,paved,1,133
33,400,dirt,1,95
97,1500,paved,0,104
167,1350,dirt,0,183
24,1250,paved,1,80
180,1550,paved,0,187
157,1000,paved,0,162
75,0,dirt,0,85
172,1650,rocky,0,220
57,1200,rocky,1,153
22,900,paved,0,26
148,400,rocky,1,240
59,650,rocky,1,152
57,950,rocky,0,101
196,1350,paved,1,252
157,1250,rocky,1,253
69,300,dirt,1,130
107,1250,paved,0,113
26,650,dirt,1,89
114,1050,paved,0,119
140,250,paved,1,191
6,1500,paved,0,13
58,600,dirt,1,121
191,2000,dirt,0,211
149,1050,paved,1,204
96,1500,rocky,1,193
163,100,paved,1,213
136,800,paved,0,140
154,1000,dirt,0,169
41,1050,sand,1,126
80,1650,dirt,0,98
61,700,dirt,0,74
113,950,rocky,1,207
170,1350,paved,1,226
35,400,dirt,0,47
27,1050,dirt,0,42
38,1750,rocky,1,136
29,600,sand,1,112
109,500,sand,0,141
67,700,sand,0,100
166,900,dirt,1,230
186,1600,sand,1,274
123,1600,rocky,1,221
8,950,sand,1,92
172,150,sand,0,202
121,350,rocky,1,212
123,400,paved,1,175
18,1100,sand,1,103
143,400,dirt,0,155
32,0,sand,0,62
110,200,sand,0,141
32,1450,dirt,0,49
180,1350,sand,0,216
119,0,paved,0,119
149,0,paved,0,149
128,1350,sand,0,164
89,100,rocky,1,179
11,1300,rocky,1,107
136,1100,paved,0,141
187,1600,rocky,0,235
191,1500,dirt,1,258
105,1100,paved,0,110
108,1850,sand,0,147
131,1400,sand,1,218
159,1550,rocky,1,256
108,700,rocky,0,151
99,1650,paved,1,157
197,0,paved,0,197
54,1600,rocky,1,152
107,1200,dirt,1,173
20,1350,paved,0,26
110,1850,rocky,1,209
30,600,dirt,1,93
141,650,paved,0,144
44,1050,sand,1,129
75,1200,sand,0,111
41,550,sand,1,123
96,900,dirt,0,110
190,800,sand,1,274
65,600,sand,0,98
129,1500,dirt,0,146
62,700,rocky,0,105
103,1300,dirt,0,119
172,950,dirt,0,186
175,250,dirt,1,236
123,1750,rocky,1,221
56,450,dirt,0,68
85,950,sand,1,169
180,650,paved,1,233
42,1900,dirt,1,111
178,1350,sand,1,264
189,500,sand,0,221
38,350,paved,1,89
183,600,paved,0,186
166,950,rocky,1,260
37,500,paved,1,89
60,250,sand,0,91
56,100,dirt,0,66
59,850,paved,0,63
80,2000,rocky,1,180
100,1350,sand,1,186
80,250,rocky,0,121
160,1000,paved,0,165
134,900,paved,0,138
168,400,dirt,1,230
146,1900,sand,1,235
80,750,sand,0,113
111,150,rocky,0,151
127,1750,sand,1,215
41,1050,sand,1,126
112,1050,paved,1,167
193,1900,sand,0,232
38,550,sand,1,120
15,150,sand,1,95
81,1200,dirt,0,97
34,1000,paved,1,89
44,1350,rocky,1,140
164,900,rocky,0,208
37,50,rocky,1,127
99,900,dirt,1,163
186,1050,paved,0,191
3,1750,dirt,1,71
111,1100,paved,0,116
134,1650,rocky,0,182
63,1900,dirt,1,132
49,1100,dirt,0,64
132,450,dirt,1,194
27,200,sand,0,58
48,1000,dirt,1,113
68,450,sand,1,150
158,1500,paved,1,215
109,1200,rocky,0,155
175,550,sand,1,257
31,1650,rocky,0,79
106,300,paved,1,157
112,150,rocky,0,152
96,250,sand,1,177
97,1100,paved,0,102
61,1300,dirt,0,77
52,0,dirt,1,112
140,500,rocky,0,182
46,1900,sand,0,85
95,1200,paved,0,101
10,100,sand,1,90
120,1950,paved,1,179
167,100,paved,0,167
1,850,rocky,1,95
6,1350,paved,1,62
142,0,rocky,0,182
3,850,rocky,1,97
120,750,paved,0,123
50,850,dirt,1,114
177,1700,paved,0,185
59,1550,rocky,0,106
181,1150,paved,0,186
163,1650,sand,0,201
115,1100,rocky,0,160
128,0,dirt,0,138
179,1400,paved,0,186
153,1050,paved,1,208
126,850,dirt,1,190
178,150,paved,0,178
75,500,rocky,1,167
165,1650,dirt,1,233
41,600,paved,1,94
184,200,sand,1,265
127,1600,sand,1,215
11,100,dirt,1,71
25,50,sand,0,55
50,1500,rocky,0,97
138,1100,rocky,0,183
195,200,paved,1,246
151,250,rocky,0,192
10,1200,sand,1,96
120,1200,sand,1,206
127,450,rocky,0,169
197,1650,rocky,0,245
192,1900,sand,0,231
105,850,dirt,1,169
84,1150,sand,1,169
171,1550,rocky,1,268
156,450,rocky,0,198
37,1600,paved,0,45
125,150,dirt,0,135
69,1200,sand,1,155
51,50,dirt,1,111
95,1650,rocky,0,143
115,1000,dirt,1,180
51,50,sand,0,81
1,750,rocky,0,44
141,1500,sand,0,178
142,550,dirt,1,204
178,1350,paved,1,234
29,2000,sand,1,119
182,1300,dirt,0,198
89,1200,paved,0,95
154,50,rocky,1,244
51,200,paved,1,102
196,1100,paved,1,251
142,250,sand,1,223
1,150,dirt,1,61
88,2000,rocky,0,138
48,800,paved,0,52
126,750,rocky,1,219
175,650,paved,0,178
107,1450,rocky,1,204
192,450,dirt,1,254
98,1150,sand,0,133
54,1550,sand,0,91
180,1500,sand,1,267
176,150,rocky,0,216
14,1000,sand,0,49
148,1050,dirt,1,213
180,850,dirt,0,194
57,1100,sand,1,142
103,0,dirt,0,113
69,400,rocky,1,161
19,750,rocky,0,62
113,700,rocky,1,206
77,450,sand,0,109
54,1950,dirt,1,123
148,1400,sand,1,235
148,650,sand,1,231
188,450,rocky,0,230
161,500,rocky,1,253
127,400,rocky,1,219
135,750,sand,0,168
23,1150,dirt,0,38
109,1150,dirt,0,124
174,1650,paved,0,182
21,1000,dirt,1,86
13,1800,dirt,1,82
76,650,rocky,1,169
16,1400,paved,0,23
183,2000,dirt,0,203
103,1800,rocky,0,152
115,250,paved,0,116
13,200,paved,0,14
72,600,rocky,1,165
52,850,dirt,1,116
157,450,sand,0,189
116,200,dirt,1,177
45,750,paved,1,98
33,500,dirt,0,45
51,350,dirt,1,112
62,450,rocky,0,104
95,1650,sand,1,183
180,150,paved,1,230
181,1300,paved,0,187
76,1900,paved,1,135
152,1750,sand,0,190
68,0,paved,1,118
18,1450,paved,1,75
196,1300,rocky,0,242
18,1200,paved,0,24
90,150,paved,1,140
101,1200,sand,0,137
112,1100,rocky,1,207
117,1700,dirt,1,185
49,1000,paved,0,54
189,1450,paved,1,246
8,0,dirt,0,18
135,350,sand,1,216
194,350,dirt,1,255
42,1900,sand,0,81
59,1550,sand,1,146
12,150,sand,0,42
196,50,sand,0,226
97,700,dirt,0,110
131,800,paved,0,135
58,900,paved,0,62
43,1650,sand,1,131
125,250,sand,0,156
83,1800,paved,1,142
92,950,dirt,0,106
140,250,rocky,1,231
15,1050,paved,0,20
120,1250,dirt,0,136
66,100,dirt,0,76
81,1450,sand,1,168
32,1000,dirt,1,97
28,1250,rocky,0,74
17,700,dirt,0,30
140,0,paved,1,190
138,1800,paved,1,197
178,1800,dirt,1,247
80,1000,dirt,1,145
131,700,dirt,0,144
188,1300,dirt,1,254
182,150,paved,1,232
47,1650,rocky,1,145
200,1350,sand,0,236
177,200,paved,0,178
18,1750,dirt,1,86
135,1050,sand,1,220
91,1500,dirt,1,158
127,50,paved,1,177
90,50,paved,1,140
165,1300,rocky,0,211
53,1450,paved,0,60
67,50,rocky,0,107
139,1700,rocky,1,237
131,1350,rocky,1,227
173,1500,sand,0,210
102,1650,sand,0,140
46,1350,dirt,0,62
127,350,rocky,1,218
70,750,dirt,1,133
169,1550,dirt,1,236
180,500,paved,1,232
168,900,rocky,0,212
14,1100,dirt,1,79
183,650,paved,0,186
89,1600,rocky,1,187
164,1650,paved,0,172
195,1750,sand,0,233
96,1950,paved,0,105
192,2000,dirt,0,212
14,650,rocky,1,107
175,250,dirt,0,186
74,450,rocky,0,116
171,800,paved,0,175
115,700,rocky,1,208
51,1500,sand,0,88
188,1000,dirt,0,203
170,1650,paved,0,178
105,400,sand,1,187
5,1150,paved,0,10
33,600,dirt,0,46
119,1500,sand,1,206
84,1700,rocky,1,182
171,1050,rocky,1,266
173,1000,dirt,1,238
51,1250,rocky,0,97
150,1800,rocky,1,249
177,800,paved,0,181
129,1850,paved,1,188
96,1850,sand,1,185
176,200,sand,0,207
29,150,rocky,1,119
194,1100,dirt,1,259
164,1150,sand,0,199
170,1200,paved,0,176
105,1800,dirt,0,124
55,100,rocky,1,145
28,1850,paved,1,87
134,1050,dirt,0,149
163,900,dirt,1,227
196,600,sand,1,279
183,1850,dirt,1,252
146,1100,paved,0,151
180,1100,sand,0,215
77,950,dirt,0,91
142,0,sand,1,222
157,1050,rocky,0,202
140,1550,paved,1,197
29,1800,paved,0,38
69,1950,sand,1,158
6,1250,dirt,1,72
20,900,dirt,0,34
36,100,paved,0,36
95,800,dirt,1,159
177,1350,dirt,1,243
140,800,sand,0,174
25,300,paved,1,76
12,1350,dirt,0,28
98,1250,paved,0,104
142,1300,paved,0,148
128,1600,rocky,1,226
66,1250,sand,1,152
34,250,rocky,0,75
143,1050,sand,0,178
199,1800,rocky,0,248
7,1400,dirt,1,74
104,1700,sand,1,192
195,1800,rocky,0,244
115,1900,sand,0,154
36,1950,sand,1,125
89,150,sand,1,169
28,950,paved,1,82
133,1500,rocky,1,230
28,1950,sand,1,117
160,2000,paved,1,220
164,1600,paved,1,222
132,50,rocky,0,172
40,1950,rocky,0,89
19,1500,rocky,0,66
102,700,sand,1,185
118,700,rocky,0,161
54,650,sand,0,87
2,1400,dirt,0,19
176,1350,rocky,1,272
199,1000,dirt,1,264
89,550,paved,1,141
15,1350,rocky,0,61
3,1200,rocky,0,49
49,900,sand,1,133
44,1900,paved,0,53
14,1700,sand,1,102
6,1350,dirt,1,72
123,1800,rocky,1,222
10,300,paved,0,11
116,50,paved,0,116
104,1450,paved,0,111
171,350,dirt,1,232
15,450,rocky,1,107
26,200,paved,0,27
193,650,paved,0,196
120,400,dirt,0,132
195,50,paved,0,195
65,1400,sand,0,102
194,1850,dirt,1,263
87,1200,rocky,0,133
12,800,dirt,1,76
88,150,dirt,1,148
140,1000,sand,1,225
49,1100,sand,1,134
34,1450,paved,0,41
97,450,sand,0,129
111,550,sand,0,143
125,1250,sand,0,161
170,700,paved,0,173
144,850,paved,0,148
105,2000,rocky,0,155
199,1050,dirt,0,214
9,900,rocky,0,53
66,1450,dirt,1,133
33,1050,sand,1,118
82,1250,paved,0,88
49,750,sand,1,132
17,900,paved,0,21
103,0,rocky,1,193
49,800,paved,0,53
67,2000,sand,0,107
174,1150,rocky,0,219
36,2000,paved,0,46
149,1200,paved,0,155
62,650,dirt,1,125
159,1050,paved,1,214
174,800,sand,0,208
3,350,rocky,1,94
102,1800,rocky,1,201
95,1550,rocky,1,192
9,1300,paved,1,65
82,150,sand,0,112
61,600,paved,1,114
134,450,dirt,1,196
29,950,paved,1,83
109,150,dirt,1,169
2,1750,rocky,0,50
193,1350,paved,0,199
195,350,rocky,1,286
174,200,dirt,0,185
169,50,paved,0,169
64,950,paved,0,68
183,500,sand,0,215
192,1600,dirt,1,260
127,1550,dirt,0,144
149,400,paved,0,151
126,300,sand,0,157
21,1800,dirt,0,40
64,200,dirt,1,125
125,1050,paved,1,180
22,1300,paved,1,78
192,300,paved,0,193
140,1650,paved,1,198
14,150,paved,1,64
166,1550,sand,1,253
111,0,paved,0,111
50,350,paved,1,101
94,1750,rocky,0,142
166,1950,rocky,1,265
115,1550,dirt,1,182
196,900,dirt,1,260
33,300,paved,0,34
154,900,paved,0,158
115,1600,sand,1,203
120,1250,dirt,0,136
170,50,sand,1,250
141,1950,paved,1,200
37,800,rocky,1,131
141,1150,sand,1,226
184,1700,rocky,1,282
33,1700,rocky,1,131
133,1800,paved,1,192
100,1350,paved,1,156
140,450,sand,1,222
48,800,sand,1,132
26,1150,paved,0,31
156,950,dirt,0,170
35,250,dirt,0,46
76,1950,dirt,1,145
121,1050,paved,0,126
127,1450,rocky,0,174
70,550,dirt,0,82
116,250,paved,1,167
182,1800,dirt,1,251
35,250,rocky,1,126
129,0,dirt,0,139
138,900,paved,1,192
147,1450,rocky,1,244
61,1600,sand,0,99
176,450,paved,1,228
179,1000,dirt,1,244
69,800,sand,0,103
98,1850,paved,0,107
169,550,sand,0,201
39,1100,rocky,0,84
55,900,paved,0,59
189,250,dirt,0,200
84,350,paved,1,135
139,200,paved,0,140
17,1350,dirt,0,33
189,1900,dirt,0,208
193,900,dirt,0,207
43,500,paved,1,95
171,950,paved,1,225
174,0,rocky,1,264
5,1350,rocky,0,51
92,1800,paved,1,151
136,550,rocky,0,178
120,450,paved,0,122
137,1650,rocky,1,235
56,100,sand,0,86
78,300,sand,1,159
48,0,rocky,1,138
66,750,sand,1,149
199,1150,dirt,1,264
154,100,sand,1,234
180,200,rocky,1,271
136,750,paved,1,189
14,1600,sand,0,52
94,700,paved,1,147
20,150,sand,1,100
69,400,sand,1,151
29,1750,sand,1,117
93,1950,dirt,0,112
162,550,rocky,1,254
45,150,sand,1,125
177,1850,rocky,1,276
53,1600,sand,1,141
188,300,sand,1,269
147,900,sand,1,231
71,1650,paved,0,79
106,1750,sand,1,194
199,350,paved,0,200
85,1700,rocky,1,183
39,1400,rocky,0,86
95,1500,rocky,0,142
78,1400,paved,1,135
29,1350,paved,0,35
77,400,paved,0,79
129,700,rocky,0,172
139,1050,sand,1,224
37,650,dirt,1,100
45,1850,paved,1,104
134,1500,paved,1,191
195,1450,sand,1,282
117,1000,rocky,1,212
179,1400,sand,1,266
190,50,sand,0,220
83,1350,sand,1,169
108,1600,paved,0,116
94,200,sand,1,175
24,1850,dirt,1,93
34,450,dirt,1,96
99,150,paved,1,149
194,950,rocky,0,238
43,250,sand,1,124
107,150,dirt,0,117
102,1050,rocky,1,197
147,150,dirt,1,207
148,850,dirt,0,162
50,1400,paved,0,57
188,700,sand,1,271
64,0,rocky,0,104
73,800,rocky,0,117
148,1250,dirt,1,214
96,1500,paved,0,103
180,250,dirt,0,191
167,750,paved,1,220
140,150,rocky,0,180
92,300,paved,0,93
163,800,rocky,0,207
187,750,dirt,1,250
134,200,paved,0,135
139,1850,paved,1,198
167,1050,sand,1,252
111,950,sand,0,145
39,350,dirt,1,100
44,450,rocky,0,86
146,850,rocky,1,240
61,200,rocky,0,102
151,1300,dirt,0,167
40,900,dirt,0,54
76,650,sand,0,109
135,1400,sand,1,222
18,1950,paved,0,27
18,1800,paved,1,77
99,1700,dirt,1,167
43,700,sand,0,76
157,450,rocky,0,199
55,1850,sand,1,144
91,400,sand,0,123
117,350,sand,0,148
1,950,rocky,1,95
24,1400,dirt,0,41
31,450,paved,0,33
108,700,rocky,0,151
148,250,dirt,1,209
173,1250,sand,0,209
37,450,dirt,0,49
58,1200,dirt,1,124
66,500,rocky,0,108
147,1050,paved,0,152
35,450,dirt,1,97
109,1700,rocky,1,207
101,1450,rocky,1,198
137,1750,dirt,0,155
42,1700,rocky,0,90
197,1000,sand,1,282
106,600,dirt,0,119
20,300,paved,0,21
56,250,dirt,1,117
152,1700,sand,0,190
76,1250,paved,1,132
60,100,sand,1,140
47,1650,paved,1,105
155,100,sand,0,185
68,1000,dirt,0,83
184,300,dirt,1,245
83,50,sand,0,113
94,400,paved,1,146
44,1550,dirt,1,111
131,1450,paved,1,188
152,1850,paved,0,161
123,1400,dirt,1,190
31,400,rocky,1,123
91,1150,rocky,0,136
190,1200,dirt,1,256
54,1800,dirt,0,73
121,600,rocky,1,214
140,1800,rocky,1,239
92,550,dirt,0,104
95,350,rocky,1,186
190,900,dirt,1,254
181,1650,dirt,0,199
98,150,paved,1,148
40,1050,rocky,0,85
131,1850,sand,1,220
50,1450,dirt,1,117
37,1850,rocky,1,136
9,400,rocky,0,51
29,1150,paved,1,84
107,2000,sand,1,197
55,1150,paved,1,110
198,200,dirt,1,259
128,800,paved,0,132
200,400,rocky,0,242
178,450,sand,1,260
150,0,sand,1,230
94,850,rocky,1,188
56,850,rocky,1,150
74,1150,paved,1,129
8,250,dirt,0,19
86,950,sand,0,120
104,1700,sand,1,192
66,1050,sand,1,151
16,1800,rocky,1,115
22,400,rocky,1,114
191,650,rocky,1,284
166,1500,sand,1,253
130,1100,paved,1,185
37,300,rocky,0,78
158,2000,rocky,1,258
18,1500,paved,1,75
103,2000,rocky,0,153
197,300,dirt,1,258
69,650,sand,1,152
124,150,rocky,1,214
124,200,sand,0,155
6,1750,paved,0,14
35,2000,paved,1,95
105,850,rocky,0,149
101,100,rocky,1,191
95,100,sand,0,125
162,1950,rocky,0,211
90,250,rocky,0,131
111,0,paved,0,111
179,1700,sand,1,267
193,100,rocky,0,233
64,950,sand,0,98
81,1000,dirt,1,146
70,200,rocky,1,161
3,1150,paved,0,8
55,1550,paved,1,112
167,250,paved,1,218
167,800,dirt,0,181
155,200,sand,0,186
139,50,sand,1,219
179,1200,dirt,0,195
186,650,sand,1,269
80,1950,paved,1,139
41,1600,dirt,0,59
116,1800,dirt,0,135
149,1300,paved,1,205
151,850,rocky,0,195
78,200,sand,1,159
78,1000,dirt,0,93
165,1500,dirt,1,232
182,950,dirt,1,246
32,150,paved,1,82
196,550,sand,1,278
23,900,sand,0,57
23,700,dirt,0,36
130,1950,paved,1,189
109,600,sand,0,142
145,1750,paved,1,203
142,500,paved,1,194
197,1600,dirt,1,265
45,1000,sand,1,130
36,1500,dirt,1,103
82,950,paved,1,136
92,550,sand,0,124
187,1550,rocky,0,234
107,1500,dirt,0,124
137,500,rocky,1,229
147,750,rocky,0,190
184,200,sand,1,265
189,1850,rocky,1,288
136,700,paved,1,189
174,850,sand,1,258
39,0,rocky,1,129
183,450,sand,1,265
161,200,paved,1,212
184,1650,dirt,1,252
107,1550,rocky,0,154
24,1200,rocky,1,120
119,900,paved,1,173
6,1750,dirt,0,24
106,0,dirt,1,166
63,1950,sand,1,152
19,200,paved,1,70
183,1750,dirt,1,251
79,1600,rocky,0,127
172,650,paved,0,175
134,1150,paved,0,139
198,50,dirt,1,258
196,200,paved,1,247
10,1550,sand,0,47
41,1200,paved,1,97
70,150,dirt,0,80
86,300,rocky,0,127
90,1350,dirt,1,156
18,0,sand,0,48
95,1350,sand,0,131
143,1600,dirt,0,161
13,100,dirt,0,23
138,600,paved,1,191
193,1150,dirt,0,208
144,2000,paved,1,204
158,700,paved,1,211
17,400,sand,1,99
108,550,dirt,1,170
154,1900,rocky,1,253
6,1450,sand,0,43
135,700,paved,0,138
22,1450,dirt,1,89
105,300,dirt,1,166
41,650,sand,1,124
1,700,paved,1,54
16,400,sand,0,48
94,1100,rocky,1,189
61,700,dirt,0,74
36,1800,paved,0,45
170,200,sand,1,251
79,1600,sand,0,117
180,1850,dirt,0,199
172,50,sand,1,252
28,1800,paved,1,87
134,1550,sand,1,221
78,1350,rocky,1,174
79,1100,sand,1,164
121,900,sand,1,205
87,1600,paved,0,95
4,1750,sand,1,92
43,950,dirt,1,107
104,1850,sand,1,193
71,850,paved,1,125
54,1000,rocky,0,99
12,1450,rocky,0,59
164,1000,paved,0,169
92,300,paved,0,93
87,1600,rocky,1,185
1,1300,rocky,1,97
94,1350,paved,1,150
170,450,rocky,1,262
132,1650,dirt,0,150
115,850,dirt,0,129
165,800,sand,1,249
180,1100,dirt,0,195
102,300,paved,1,153
11,100,dirt,1,71
19,650,dirt,1,82
103,1950,paved,1,162
119,1600,dirt,1,187
113,650,paved,0,116
8,900,paved,0,12
184,1200,rocky,1,280
104,300,sand,0,135
49,1800,paved,1,108
116,1150,sand,0,151
167,750,rocky,0,210
126,1650,paved,0,134
140,1400,dirt,1,207
74,1200,sand,0,110
20,1650,dirt,0,38
146,300,sand,1,227
161,600,rocky,0,204
28,450,dirt,1,90
146,1800,dirt,1,215
112,100,dirt,0,122
46,1900,dirt,0,65
1,1650,rocky,0,49
85,400,paved,0,87
196,1100,dirt,0,211
93,1000,dirt,1,158
141,1650,paved,0,149
60,1650,rocky,0,108
103,1350,paved,1,159
166,350,paved,1,217
16,900,rocky,0,60
129,1900,rocky,0,178
120,450,rocky,1,212
95,700,rocky,1,188
70,50,rocky,0,110
16,50,paved,1,66
146,1600,sand,1,234
168,500,sand,1,250
184,1700,paved,1,242
60,500,dirt,1,122
100,1850,dirt,1,169
59,450,paved,0,61
100,1700,sand,1,188
43,150,paved,0,43
199,50,sand,0,229
142,1700,sand,1,230
142,1850,rocky,1,241
58,450,dirt,1,120
195,400,sand,0,227
156,1950,paved,1,215
7,550,dirt,1,69
88,1950,dirt,1,157
16,450,sand,1,98
69,800,sand,1,153
114,1550,rocky,0,161
17,50,rocky,0,57
33,850,rocky,1,127
56,600,sand,0,89
158,100,dirt,0,168
49,250,paved,1,100
108,250,dirt,1,169
161,1950,paved,1,220
132,1600,dirt,0,150
103,200,sand,0,134
107,950,paved,0,111
110,1250,paved,0,116
30,150,sand,0,60
60,100,rocky,0,100
91,1200,sand,1,177
115,1500,rocky,1,212
122,100,rocky,0,162
101,550,dirt,0,113
170,1400,paved,0,177
88,1300,dirt,1,154
25,650,paved,1,78
45,1200,paved,1,101
143,950,rocky,1,237
116,950,sand,1,200
51,1850,rocky,0,100
156,1700,paved,1,214
7,750,paved,0,10
189,1800,paved,0,198
171,300,dirt,1,232
156,1300,paved,0,162
112,1950,sand,0,151
178,900,sand,0,212
65,1100,sand,1,150
36,350,rocky,0,77
159,650,paved,0,162
179,1900,sand,1,268
64,1600,sand,0,102
84,600,rocky,1,177
70,1500,rocky,1,167
5,750,rocky,0,48
51,1000,sand,1,136
96,300,rocky,0,137
167,900,sand,1,251
56,200,paved,1,107
7,1000,sand,0,42
100,1250,rocky,1,196
73,1500,dirt,0,90
69,1250,sand,1,155
197,1750,dirt,1,265
188,400,rocky,1,280
165,1600,dirt,0,183
114,950,dirt,0,128
106,1650,paved,1,164
17,600,paved,0,20
25,1850,paved,0,34
125,950,sand,1,209
182,1850,paved,0,191
71,1550,dirt,1,138
108,2000,sand,1,198
57,850,dirt,0,71
32,1750,paved,0,40
44,2000,dirt,1,114
43,50,paved,0,43
5,1750,paved,1,63
148,1200,sand,0,184
131,1500,paved,1,188
176,1450,dirt,1,243
45,750,paved,1,98
126,350,rocky,1,217
114,600,sand,1,197
71,1700,paved,1,129
4,750,rocky,1,97
190,200,dirt,1,251
161,1400,dirt,1,228
14,1400,sand,1,101
188,350,paved,0,189
93,250,rocky,0,134
70,950,sand,1,154
77,1800,paved,0,86
120,1700,paved,0,128
118,1250,paved,0,124
128,800,paved,0,132
109,1700,paved,0,117
196,400,dirt,1,258
85,2000,dirt,0,105
156,800,dirt,1,220
157,600,dirt,1,220
119,400,dirt,1,181
177,800,paved,1,231
23,400,rocky,1,115
192,1150,rocky,1,287
20,100,paved,1,70
166,550,sand,1,248
112,450,dirt,1,174
152,850,rocky,0,196
88,1050,rocky,1,183
106,550,sand,0,138
100,1050,dirt,1,165
158,2000,sand,1,248
157,1800,dirt,1,226
92,850,rocky,1,186
199,450,paved,0,201
12,600,dirt,1,75
16,1000,dirt,1,81
135,700,paved,0,138
128,650,rocky,0,171
122,300,sand,0,153
189,1400,rocky,1,286
45,1800,sand,1,134
172,1950,sand,1,261
37,1050,rocky,0,82
13,1050,sand,0,48
145,200,rocky,1,236
42,850,dirt,0,56
140,1250,sand,1,226
1,100,rocky,1,91
124,1600,sand,0,162
181,1950,sand,1,270
181,1650,paved,0,189
42,0,rocky,0,82
182,150,paved,0,182
193,1150,paved,1,248
106,1100,sand,1,191
124,1950,paved,1,183
68,2000,dirt,1,138
17,1750,dirt,0,35
92,850,paved,1,146
186,550,rocky,1,278
70,950,rocky,1,164
115,350,rocky,1,206
43,50,rocky,1,133
124,650,paved,1,177
74,250,dirt,0,85
152,1850,paved,0,161
170,550,dirt,1,232
55,950,dirt,0,69
110,400,sand,0,142
161,700,dirt,0,174
16,300,sand,0,47
15,750,sand,1,98
51,1250,paved,0,57
172,1400,rocky,0,219
22,0,dirt,1,82
103,1350,paved,1,159
78,1250,rocky,1,174
129,700,dirt,1,192
163,500,dirt,0,175
116,1500,paved,0,123
131,950,dirt,1,195
182,800,sand,1,266
81,650,dirt,0,94
159,1900,rocky,1,258
88,1900,sand,0,127
141,400,paved,0,143
36,300,paved,0,37
120,2000,sand,0,160
11,1700,dirt,0,29
188,1750,paved,0,196
58,400,dirt,1,120
83,300,rocky,1,174
79,400,paved,0,81
145,300,dirt,1,206
69,750,paved,0,72
102,1300,sand,1,188
22,1150,rocky,1,117
45,550,sand,0,77
178,600,paved,0,181
115,150,dirt,0,125
22,1950,paved,0,31
107,1900,paved,1,166
87,1750,sand,0,125
200,1500,sand,0,237
32,1650,paved,1,90
163,1850,rocky,1,262
145,1000,paved,1,200
40,150,dirt,0,50
121,1200,rocky,1,217
103,800,sand,1,187
63,2000,dirt,0,83
184,150,paved,0,184
192,1950,paved,0,201
108,1350,rocky,0,154
102,700,sand,1,185
187,450,rocky,0,229
59,1250,dirt,0,75
96,100,rocky,0,136
192,1150,sand,1,277
69,1300,dirt,1,135
23,300,dirt,0,34
57,1450,paved,0,64
52,800,rocky,1,146
23,1300,paved,1,79
84,50,rocky,1,174
49,500,rocky,0,91
79,100,dirt,0,89
93,750,sand,0,126
150,1200,rocky,0,196
104,1300,dirt,1,170
84,2000,dirt,1,154
56,1600,rocky,1,154
60,750,rocky,0,103
114,1450,sand,0,151
2,1400,dirt,0,19
155,250,dirt,0,166
121,1750,dirt,1,189
83,1200,paved,1,139
81,850,dirt,1,145
42,1350,sand,1,128
93,700,sand,0,126
199,1500,rocky,0,246
40,1800,dirt,1,109
197,1400,rocky,1,294
55,1200,dirt,0,71
50,1700,dirt,1,118
196,400,dirt,0,208
161,1300,rocky,0,207
148,1500,sand,1,235
61,450,dirt,1,123
83,0,dirt,0,93
37,950,paved,1,91
13,50,sand,0,43
40,150,paved,1,90
170,2000,sand,1,260
128,1050,paved,0,133
41,600,sand,0,74
177,50,sand,1,257
174,100,dirt,0,184
152,600,rocky,0,195
23,1350,rocky,1,119
22,250,dirt,0,33
57,50,sand,1,137
1,550,paved,1,53
131,1300,paved,1,187
64,700,dirt,0,77
191,950,dirt,1,255
182,300,sand,0,213
12,250,sand,0,43
3,1750,rocky,1,101
106,1150,sand,0,141
165,700,sand,0,198
144,1200,dirt,0,160
66,1000,sand,1,151
70,1550,paved,0,77
160,1500,dirt,0,177
64,1100,sand,0,99
70,300,dirt,0,81
76,2000,dirt,0,96
155,900,paved,0,159
133,850,rocky,1,227
100,1650,dirt,1,168
74,950,sand,0,108
21,1700,dirt,1,89
23,850,sand,1,107
191,450,sand,1,273
173,1400,rocky,0,220
49,1600,dirt,1,117
88,1550,sand,0,125
83,1300,dirt,1,149
8,450,rocky,1,100
157,650,sand,1,240
158,150,rocky,1,248
155,950,dirt,1,219
192,150,sand,1,272
182,500,rocky,1,274
43,1250,rocky,1,139
57,800,paved,1,111
117,1800,sand,0,156
21,1050,paved,0,26
116,1400,dirt,1,183
199,150,sand,1,279
45,300,paved,0,46
123,1700,sand,0,161
101,1100,paved,1,156
195,400,rocky,1,287
103,1600,paved,1,161
155,50,paved,1,205
50,700,sand,1,133
1,1950,rocky,1,100
177,1650,sand,1,265
48,800,rocky,0,92
106,300,dirt,1,167
143,1050,rocky,1,238
82,1250,rocky,1,178
148,550,dirt,0,160
120,1500,dirt,0,137
133,50,paved,1,183
84,1850,rocky,0,133
111,1650,rocky,0,159
52,1800,dirt,0,71
65,1850,paved,1,124
64,900,dirt,0,78
134,750,sand,1,217
136,200,sand,0,167
54,50,paved,0,54
89,750,sand,1,172
92,900,paved,0,96
77,1900,rocky,1,176
164,1800,rocky,1,263
24,2000,paved,1,84
161,50,dirt,0,171
182,1350,dirt,0,198
132,800,sand,0,166
88,0,rocky,1,178
140,1750,dirt,1,208
140,1850,dirt,0,159
36,550,rocky,1,128
165,150,rocky,0,205
72,1350,rocky,0,118
197,1050,sand,0,232
76,1200,paved,0,82
132,1800,paved,1,191
23,1400,sand,0,60
125,1300,paved,1,181
58,550,dirt,1,120
199,900,paved,0,203
120,1250,rocky,0,166
25,1700,dirt,1,93
184,1600,sand,1,272
140,1200,sand,1,226
165,1250,rocky,1,261
144,1050,sand,1,229
92,1850,paved,0,101
150,1700,rocky,0,198
151,1850,rocky,0,200
139,1850,rocky,1,238
200,850,rocky,0,244
133,1800,sand,1,222
167,200,paved,1,218
20,1250,sand,0,56
35,150,rocky,1,125
80,1350,paved,1,136
12,500,paved,1,64
49,550,rocky,0,91
159,600,dirt,0,172
123,50,dirt,1,183
86,600,paved,0,89
100,1450,paved,0,107
136,1650,rocky,1,234
42,1500,rocky,0,89
134,500,dirt,1,196
30,1750,sand,0,68
131,1250,dirt,0,147
111,1900,rocky,1,210
105,900,sand,0,139
51,2000,paved,0,61
116,300,paved,0,117
127,1900,dirt,0,146
165,200,dirt,1,226
170,1350,dirt,0,186
183,300,paved,1,234
189,1850,dirt,1,258
162,550,dirt,0,174
48,1750,dirt,0,66
122,1500,rocky,0,169
132,1500,dirt,1,199
112,1150,paved,1,167
119,1300,rocky,0,165
87,1350,paved,0,93
21,150,rocky,1,111
46,150,dirt,0,56
102,1600,rocky,0,150
131,50,paved,0,131
64,1850,paved,0,73
163,1700,sand,0,201
148,1950,sand,0,187
127,1000,dirt,0,142
30,700,dirt,1,93
129,1600,sand,1,217
62,800,dirt,0,76
125,1350,dirt,0,141
67,1150,paved,0,72
44,1100,sand,1,129
126,600,sand,1,209
198,1750,dirt,1,266
181,1050,dirt,0,196
175,1250,rocky,0,221
18,1100,dirt,0,33
121,1650,rocky,1,219
81,650,sand,0,114
110,600,sand,0,143
108,1800,dirt,0,127
90,2000,paved,0,100
47,400,dirt,0,59
35,1550,sand,1,122
196,800,sand,1,280
167,350,dirt,0,178
68,2000,paved,1,128
26,1450,paved,1,83
164,1400,rocky,1,261
190,500,dirt,1,252
149,1800,sand,1,238
139,600,sand,1,222
23,100,rocky,1,113
4,1300,sand,0,40
101,2000,dirt,1,171
136,0,sand,1,216
124,1800,rocky,0,173
124,1150,paved,0,129
70,1300,rocky,0,116
133,1450,paved,1,190
73,950,sand,1,157
73,1950,rocky,1,172
70,350,sand,1,151
168,400,rocky,1,260
173,0,rocky,0,213
9,650,paved,0,12
12,1500,rocky,0,59
142,650,dirt,0,155
155,750,rocky,0,198
86,50,dirt,1,146
50,600,sand,0,83
73,650,sand,0,106
7,1550,paved,1,64
25,1350,paved,1,81
16,1350,paved,0,22
27,250,sand,1,108
33,100,sand,0,63
59,950,dirt,1,123
181,300,rocky,1,272
82,1450,dirt,1,149
143,1750,dirt,1,211
119,0,paved,1,169
16,1700,rocky,1,114
47,1300,rocky,1,143
126,1850,dirt,0,145
45,400,paved,1,97
108,1700,dirt,1,176
98,550,dirt,1,160
159,1050,rocky,1,254
176,50,sand,1,256
170,1550,dirt,1,237
172,1500,sand,1,259
110,1900,paved,1,169
7,1200,paved,0,13
65,1400,sand,1,152
181,1900,dirt,1,250
96,1200,sand,0,132
133,800,sand,0,167
132,1250,paved,0,138
3,750,sand,0,36
65,1750,dirt,0,83
119,400,rocky,0,161
123,1950,rocky,0,172
165,300,rocky,0,206
180,50,dirt,0,190
186,1500,sand,0,223
14,500,rocky,1,106
146,700,paved,0,149
17,650,sand,1,100
20,100,rocky,1,110
72,1700,dirt,0,90
16,2000,sand,1,106
63,900,dirt,0,77
85,1500,dirt,0,102
127,650,paved,0,130
113,550,rocky,0,155
18,1000,dirt,1,83
28,1850,sand,1,117
132,1650,paved,1,190
105,1050,sand,0,140
152,1650,paved,1,210
156,1900,rocky,0,205
49,850,rocky,1,143
64,350,dirt,1,125
69,700,sand,1,152
55,1250,paved,0,61
150,1250,paved,1,206
180,400,paved,1,232
179,1500,dirt,0,196
107,1350,paved,1,163
53,1050,rocky,1,148
199,350,rocky,1,290
21,0,rocky,0,61
24,0,dirt,1,84
175,1900,dirt,0,194
192,1550,rocky,1,289
197,1350,dirt,0,213
174,100,dirt,0,184
151,250,rocky,0,192
46,350,rocky,1,137
41,100,rocky,1,131
83,600,rocky,0,126
12,650,paved,0,15
111,450,dirt,1,173
70,1050,dirt,0,85
88,200,dirt,0,99
80,1650,sand,0,118
33,1050,paved,1,88
190,1900,paved,0,199
140,1100,dirt,0,155
19,1300,rocky,1,115
197,850,sand,0,231
37,1550,paved,1,94
87,1850,sand,0,126
94,1100,sand,0,129
115,150,rocky,1,205
123,100,paved,1,173
54,400,rocky,0,96
60,1650,paved,0,68
121,1150,rocky,1,216
68,1050,sand,1,153
66,800,sand,1,150
10,1600,paved,1,68
24,150,paved,0,24
49,50,dirt,0,59
155,1550,rocky,1,252
20,250,paved,0,21
173,950,dirt,0,187
41,100,dirt,0,51
139,1200,dirt,1,205
103,1500,rocky,1,200
133,600,dirt,1,196
154,850,paved,0,158
39,300,dirt,1,100
99,900,sand,1,183
94,1900,dirt,1,163
1,850,paved,1,55
145,550,paved,1,197
39,1300,sand,0,75
12,200,paved,0,13
25,1950,rocky,0,74
114,1000,sand,1,199
161,1600,rocky,1,259
42,1700,rocky,1,140
139,1100,rocky,0,184
118,1000,rocky,0,163
7,1600,dirt,1,75
190,650,dirt,0,203
24,1600,dirt,0,42
118,550,rocky,1,210
17,150,sand,1,97
60,300,rocky,1,151
188,950,paved,0,192
169,1350,dirt,0,185
101,850,paved,1,155
26,700,dirt,1,89
39,1100,rocky,0,84
182,1950,sand,0,221
191,1450,sand,0,228
161,50,dirt,0,171
164,1750,sand,1,252
151,1250,rocky,1,247
125,1600,rocky,1,223
182,1500,rocky,1,279
151,750,rocky,0,194
131,900,sand,0,165
172,850,rocky,0,216
120,1700,dirt,1,188
128,1650,rocky,1,226
114,1850,paved,1,173
28,100,sand,1,108
196,1200,dirt,0,212
182,1050,rocky,0,227
151,1000,dirt,0,166
138,950,rocky,0,182
49,1550,rocky,0,96
26,700,dirt,0,39
56,1000,paved,0,61
94,1750,paved,0,102
134,950,sand,1,218
135,600,paved,1,188
10,1100,sand,0,45
33,1950,sand,0,72
184,1450,paved,0,191
126,950,rocky,1,220
21,1400,sand,0,58
177,50,rocky,0,217
63,800,paved,0,67
33,1650,sand,1,121
161,1550,paved,0,168
169,300,rocky,0,210
47,400,paved,1,99
45,1500,rocky,0,92
110,1400,rocky,1,207
142,350,dirt,1,203
3,1400,sand,0,40
148,300,sand,0,179
196,0,paved,0,196
69,1050,sand,0,104
164,1100,paved,1,219
82,1650,sand,1,170
72,950,paved,0,76
135,300,paved,1,186
64,0,paved,1,114
73,100,rocky,0,113
60,600,paved,1,113
187,650,paved,1,240
87,1850,paved,0,96
59,1650,paved,0,67
198,150,rocky,1,288
137,1900,paved,0,146
66,1950,paved,1,125
100,800,rocky,1,194
121,1700,paved,1,179
96,50,sand,1,176
127,1950,sand,1,216
59,700,rocky,1,152
47,1000,dirt,0,62
118,1050,paved,0,123
37,1450,sand,0,74
112,1550,dirt,1,179
144,700,dirt,0,157
172,1600,dirt,0,190
31,1600,sand,1,119
116,500,sand,0,148
54,600,dirt,0,67
175,1100,dirt,1,240
131,650,dirt,1,194
90,1300,rocky,0,136
157,1600,rocky,1,255
68,1100,dirt,0,83
113,800,paved,0,117
63,1100,rocky,0,108
73,1100,dirt,0,88
193,1700,rocky,1,291
11,300,dirt,0,22
59,400,paved,1,111
99,850,rocky,1,193
50,1600,dirt,1,118
34,1200,paved,1,90
63,150,sand,1,143
110,1800,sand,0,149
193,1150,sand,1,278
13,1050,rocky,0,58
38,850,sand,1,122
46,1000,rocky,1,141
143,1200,rocky,1,239
26,350,rocky,0,67
182,1150,rocky,0,227
68,2000,dirt,1,138
174,2000,paved,0,184
52,1100,rocky,0,97
191,0,dirt,1,251
123,1350,dirt,0,139
175,750,dirt,0,188
25,1100,rocky,1,120
127,1900,sand,0,166
101,800,sand,1,185
62,1650,dirt,0,80
184,1450,rocky,0,231
189,1050,dirt,0,204
13,1650,paved,1,71
198,150,rocky,1,288
37,1400,rocky,1,134
134,1800,paved,1,193
4,600,rocky,1,97
11,1050,paved,1,66
95,350,paved,1,146
49,850,paved,0,53
89,1300,rocky,0,135
41,1550,rocky,0,88
155,750,paved,1,208
14,1750,dirt,1,82
188,1650,paved,0,196
141,50,paved,0,141
91,1450,paved,0,98
141,1700,paved,0,149
174,1450,rocky,0,221
82,1250,rocky,1,178
117,650,paved,1,170
46,850,paved,0,50
45,1050,rocky,1,140
79,1000,paved,0,84
4,450,sand,0,36
123,1600,rocky,1,221
87,1200,sand,1,173
199,1650,rocky,0,247
159,2000,sand,1,249
12,1150,sand,1,97
4,850,dirt,1,68
159,1900,dirt,1,228
167,600,rocky,0,210
2,550,rocky,1,94
181,450,dirt,1,243
134,500,dirt,0,146
90,1100,sand,1,175
163,400,dirt,0,175
43,1750,rocky,0,91
86,1000,sand,0,121
194,350,sand,0,225
51,750,rocky,1,144
118,450,sand,0,150
53,2000,rocky,1,153
28,50,rocky,0,68
59,200,dirt,0,70
118,1200,paved,0,124
28,0,dirt,1,88
194,1600,dirt,1,262
158,50,paved,0,158
6,500,rocky,0,48
85,1900,sand,1,174
81,1500,rocky,0,128
127,1600,paved,0,135
152,1400,dirt,0,169
44,500,sand,1,126
66,900,dirt,1,130
117,0,rocky,0,157
83,700,dirt,1,146
149,850,dirt,1,213
93,1800,dirt,1,162
134,1550,paved,0,141
153,1350,paved,1,209
142,150,paved,0,142
46,1500,dirt,0,63
179,1050,sand,0,214
193,1400,paved,0,200
140,1850,dirt,1,209
121,550,paved,0,123
114,1650,paved,0,122
70,750,paved,1,123
193,250,rocky,1,284
59,100,dirt,1,119
32,200,rocky,0,73
119,1700,paved,0,127
74,1600,rocky,1,172
24,700,rocky,0,67
119,100,sand,0,149
52,450,paved,0,54
114,1700,paved,1,172
43,1050,rocky,1,138
60,650,dirt,1,123
64,500,rocky,1,156
60,750,paved,1,113
86,1550,sand,0,123
97,950,dirt,0,111
194,1200,paved,0,200
98,1000,sand,1,183
26,1250,dirt,1,92
116,1500,dirt,0,133
30,1100,paved,1,85
21,1950,rocky,1,120
15,400,paved,0,17
179,950,sand,1,263
55,1050,sand,1,140
158,1100,paved,0,163
125,1250,rocky,1,221
38,750,dirt,0,51
195,550,rocky,1,287
26,1800,rocky,0,75
141,600,sand,0,174
44,1550,dirt,0,61
137,1350,dirt,0,153
25,800,rocky,1,119
59,400,paved,1,111
184,1600,dirt,0,202
138,1500,paved,0,145
55,1650,paved,0,63
82,700,paved,0,85
23,750,dirt,0,36
101,1100,paved,1,156
166,1800,sand,0,205
76,0,paved,0,76
33,1800,dirt,1,102
15,1600,sand,0,53
37,1650,rocky,0,85
166,1400,sand,0,203
96,800,paved,1,150
186,1900,rocky,0,235
138,600,paved,1,191
123,400,sand,1,205
85,1950,paved,1,144
184,150,dirt,1,244
122,950,paved,1,176
73,1250,dirt,1,139
106,0,paved,1,156
189,900,sand,1,273
82,1150,sand,1,167
162,750,dirt,1,225
85,1850,dirt,1,154
46,100,sand,0,76
127,100,rocky,1,217
186,400,dirt,0,198
84,1550,rocky,1,181
101,450,sand,0,133
14,2000,dirt,0,34
135,450,sand,1,217
77,550,sand,1,159
21,1000,sand,0,56
11,150,paved,1,61
107,250,paved,0,108
114,1000,dirt,0,129
197,550,paved,1,249
10,1850,sand,1,99
47,950,sand,1,131
120,900,sand,0,154
90,2000,paved,0,100
165,1450,paved,0,172
157,2000,sand,1,247
66,1700,rocky,1,164
197,1250,rocky,1,293
128,1800,paved,1,187
114,300,paved,0,115
20,1700,rocky,0,68
21,0,paved,0,21
194,450,dirt,1,256
65,1400,rocky,0,112
116,1200,paved,0,122
158,1250,paved,1,214
81,1000,sand,1,166
27,1000,sand,1,112
22,2000,rocky,1,122
197,1100,rocky,0,242
191,1550,rocky,1,288
87,1600,sand,1,175
29,1750,paved,1,87
156,700,rocky,0,199
48,1550,sand,1,135
73,0,dirt,0,83
18,950,paved,1,72
40,1400,dirt,1,107
68,1250,sand,0,104
4,200,paved,0,5
52,600,paved,1,105
60,1800,paved,0,69
74,600,rocky,0,117
116,1300,paved,0,122
119,1950,dirt,1,188
80,1300,dirt,1,146
166,1450,paved,1,223
92,1400,paved,1,149
105,1050,sand,0,140
31,900,rocky,0,75
155,700,paved,1,208
76,950,dirt,1,140
161,0,paved,1,211
195,650,sand,1,278
170,150,paved,0,170
168,700,sand,0,201
142,500,dirt,1,204
6,1050,paved,1,61
180,1350,sand,1,266
105,1700,paved,0,113
66,1450,rocky,1,163
191,1850,dirt,1,260
142,1750,rocky,0,190
1,450,paved,0,3
14,1600,rocky,0,62
150,1550,dirt,0,167
13,900,rocky,1,107
38,1500,rocky,0,85
169,950,rocky,0,213
116,400,paved,1,168
161,200,rocky,0,202
41,900,paved,1,95
67,150,dirt,0,77
155,50,dirt,1,215
155,50,paved,0,155
61,1050,dirt,1,126
18,1550,paved,0,25
157,50,sand,1,237
27,1600,rocky,1,125
128,1050,rocky,1,223
147,850,sand,1,231
164,1800,dirt,1,233
70,300,paved,0,71
109,700,rocky,0,152
164,150,rocky,1,254
198,1150,sand,0,233
195,100,rocky,1,285
177,1850,sand,0,216
183,450,dirt,1,245
110,350,rocky,0,151
132,1800,paved,0,141
42,700,paved,1,95
2,1950,sand,0,41
72,100,rocky,0,112
172,1450,paved,0,179
76,550,paved,0,78
178,1200,paved,0,184
198,1200,dirt,1,264
105,1900,paved,1,164
160,500,rocky,0,202
6,750,sand,0,39
114,50,paved,0,114
169,650,paved,0,172
31,750,dirt,1,94
144,1000,dirt,1,209
89,1600,dirt,1,157
150,1350,dirt,1,216
138,1850,dirt,1,207
150,1550,paved,1,207
161,1550,rocky,1,258
183,400,dirt,1,245
25,500,paved,1,77
170,500,paved,0,172
29,400,rocky,0,71
184,1950,rocky,1,283
21,1450,rocky,0,68
162,750,rocky,0,205
71,1650,dirt,0,89
136,50,dirt,0,146
72,1950,paved,0,81
177,1850,sand,0,216
35,700,sand,0,68
165,400,dirt,1,227
70,200,dirt,0,81
183,1050,paved,1,238
89,1800,dirt,1,158
74,1550,dirt,1,141
163,100,paved,0,163
108,250,sand,0,139
93,2000,paved,0,103
81,1650,rocky,0,129
63,1700,paved,1,121
108,1000,rocky,0,153
121,1500,sand,0,158
52,1000,rocky,1,147
160,1650,paved,1,218
130,950,sand,1,214
187,1500,sand,0,224
103,1400,rocky,1,200
52,1800,dirt,1,121
66,1800,rocky,1,165
6,50,sand,1,86
137,400,paved,1,189
135,1550,sand,1,222
4,1900,sand,0,43
47,1400,rocky,1,144
60,1050,dirt,0,75
2,900,rocky,1,96
157,950,rocky,1,251
8,1800,paved,1,67
123,850,paved,0,127
45,1300,sand,1,131
195,1300,paved,0,201
126,1350,rocky,0,172
59,800,rocky,1,153
43,50,dirt,1,103
13,100,paved,0,13
32,1650,rocky,0,80
195,1400,paved,0,202
43,750,sand,1,126
54,100,paved,0,54
41,850,sand,0,75
99,0,paved,1,149
106,1950,paved,0,115
50,600,paved,1,103
98,1050,paved,0,103
188,1350,paved,1,244
93,1200,sand,1,179
56,1350,dirt,1,122
186,1050,sand,0,221
111,1900,sand,0,150
171,250,rocky,1,262
29,200,dirt,0,40
135,1400,sand,0,172
60,1600,sand,0,98
26,800,rocky,1,120
127,50,sand,1,207
23,1950,dirt,0,42
168,1700,sand,0,206
160,1050,rocky,1,255
75,200,paved,0,76
143,150,rocky,1,233
191,0,dirt,0,201
10,1800,rocky,1,109
131,1050,sand,1,216
43,650,dirt,0,56
180,50,dirt,0,190
5,1100,sand,0,40
97,1100,paved,1,152
44,950,rocky,0,88
122,250,paved,1,173
185,600,paved,0,188
132,0,sand,1,212
94,2000,rocky,1,194
88,1000,paved,0,93
198,1100,sand,0,233
178,1300,dirt,0,194
66,1000,rocky,0,111
34,900,paved,0,38
68,1700,paved,1,126
87,500,paved,0,89
136,1800,sand,1,225
139,1150,dirt,0,154
107,150,sand,0,137
8,100,dirt,0,18
19,1000,dirt,0,34
49,800,paved,1,103
108,800,dirt,0,122
21,1900,paved,1,80
148,1300,rocky,0,194
62,950,sand,1,146
197,350,dirt,0,208
12,850,paved,0,16
28,50,dirt,0,38
162,1350,dirt,0,178
11,350,rocky,1,102
66,1350,paved,0,72
55,1900,rocky,0,104
12,1600,dirt,1,80
150,1500,rocky,0,197
21,1250,paved,0,27
194,50,sand,0,224
4,750,dirt,1,67
54,200,paved,0,55
176,1050,paved,0,181
126,1600,rocky,0,174
106,50,rocky,1,196
173,350,sand,0,204
109,500,sand,0,141
68,1200,dirt,0,84
82,450,rocky,0,124
66,1150,dirt,1,131
41,250,sand,0,72
179,1200,paved,1,235
26,950,rocky,1,120
17,250,rocky,0,58
112,200,dirt,1,173
155,800,paved,1,209
149,350,sand,0,180
106,400,paved,0,108
148,0,paved,1,198
87,2000,rocky,1,187
193,1200,sand,0,229
147,250,paved,0,148
183,200,paved,1,234
170,400,paved,1,222
116,650,paved,0,119
196,1800,rocky,1,295
99,900,paved,1,153
161,1550,sand,0,198
175,700,sand,1,258
82,1450,paved,0,89
68,1050,sand,0,103
141,1450,sand,1,228
120,500,paved,1,172
125,1350,rocky,0,171
116,700,dirt,1,179
22,200,rocky,0,63
11,1050,paved,0,16
79,1800,dirt,1,148
191,500,dirt,1,253
5,1650,rocky,1,103
175,0,rocky,0,215
44,1450,paved,0,51
141,1200,sand,0,177
174,1550,sand,1,261
107,700,sand,0,140
117,1950,paved,1,176
2,100,paved,0,2
135,1700,sand,1,223
67,50,paved,0,67
107,1700,paved,0,115
173,1050,paved,0,178
121,1050,paved,0,126
12,1200,rocky,1,108
113,750,rocky,0,156
13,1400,paved,0,20
29,1600,sand,0,67
163,1050,sand,1,248
100,1250,rocky,0,146
128,100,rocky,0,168
40,1350,sand,1,126
114,600,dirt,1,177
102,250,sand,1,183
24,400,rocky,1,116
12,850,rocky,1,106
195,100,rocky,1,285
98,1300,sand,0,134
193,950,dirt,0,207
107,1250,rocky,0,153
182,1750,paved,0,190
87,1550,sand,1,174
144,500,sand,1,226
75,1550,dirt,0,92
89,750,paved,0,92
54,900,rocky,0,98
155,900,dirt,0,169
123,1650,paved,0,131
27,650,paved,1,80
190,250,dirt,0,201
93,50,sand,0,123
182,900,rocky,1,276
9,1600,sand,0,47
51,2000,sand,0,91
32,450,rocky,1,124
156,1500,rocky,1,253
169,1550,rocky,1,266
91,700,dirt,1,154
194,400,sand,0,226
152,1000,paved,1,207
184,1150,paved,1,239
95,1750,dirt,1,163
39,1400,sand,1,126
106,200,dirt,0,117
183,1400,rocky,1,280
93,400,sand,0,125
115,1350,sand,1,201
157,1950,rocky,1,256
160,1550,paved,1,217
14,1800,rocky,1,113
82,250,rocky,1,173
9,850,sand,0,43
36,1550,sand,1,123
93,2000,rocky,0,143
138,1400,sand,0,175
117,250,paved,0,118
138,900,dirt,1,202
156,1700,paved,0,164
98,1750,sand,1,186
98,1050,sand,1,183
66,1850,rocky,0,115
101,1000,sand,1,186
194,1300,paved,1,250
88,1400,sand,0,125
161,150,dirt,1,221
81,1900,rocky,0,130
64,1250,rocky,1,160
151,0,paved,0,151
60,950,rocky,1,154
1,750,dirt,1,64
137,650,rocky,1,230
143,1850,paved,0,152
34,200,paved,0,35
35,1150,sand,1,120
123,1700,dirt,1,191
28,1350,sand,0,64
152,1400,dirt,0,169
195,150,sand,0,225
67,1650,dirt,1,135
150,1700,dirt,1,218
172,700,sand,1,255
108,50,dirt,1,168
134,1350,sand,0,170
137,1850,paved,0,146
76,1100,rocky,1,171
163,300,rocky,1,254
156,750,dirt,0,169
104,200,paved,0,105
50,300,paved,0,51
3,1100,sand,1,88
73,1350,paved,0,79
188,1750,paved,0,196
103,750,sand,0,136
105,0,paved,1,155
50,350,sand,0,81
39,1250,paved,0,45
68,50,rocky,0,108
195,1900,rocky,0,244
195,1950,dirt,0,214
97,1400,rocky,1,194
132,2000,dirt,0,152
11,1700,sand,0,49
63,1500,paved,0,70
10,1800,paved,1,69
49,1050,dirt,0,64
3,500,dirt,1,65
184,1050,sand,1,269
120,850,paved,1,174
35,350,paved,0,36
117,0,dirt,0,127
118,1650,sand,0,156
181,350,paved,0,182
160,500,paved,1,212
121,600,sand,0,154
183,1900,paved,1,242
94,1400,paved,1,151
170,1450,paved,1,227
194,1000,sand,0,229
115,500,paved,1,167
69,450,sand,1,151
148,500,sand,1,230
82,1050,rocky,0,127
165,1050,dirt,1,230
126,700,paved,1,179
196,1350,rocky,1,292
108,1050,paved,0,113
118,1550,dirt,0,135
134,1300,paved,0,140
181,500,rocky,1,273
55,1900,dirt,0,74
177,1850,paved,1,236
191,300,sand,0,222
148,550,rocky,1,240
118,1650,paved,0,126
27,200,sand,1,108
10,1500,paved,1,67
176,250,rocky,1,267
157,1400,dirt,0,174
107,1750,rocky,1,205
54,1000,rocky,1,149
153,350,rocky,1,244
199,1000,paved,1,254
109,550,rocky,0,151
21,1000,paved,0,26
169,1550,sand,0,206
171,700,dirt,1,234
31,650,sand,0,64
85,1250,paved,0,91
174,150,sand,1,254
124,350,paved,1,175
171,1200,sand,1,257
141,1300,paved,1,197
67,450,dirt,0,79
141,600,rocky,0,184
166,550,paved,1,218
47,1600,sand,0,85
86,850,sand,0,120
60,450,sand,0,92
128,250,dirt,0,139
134,200,sand,1,215
67,1150,dirt,0,82
44,600,rocky,1,137
124,500,dirt,0,136
120,450,paved,1,172
103,1300,dirt,0,119
23,1450,paved,0,30
49,1400,paved,0,56
71,1000,paved,0,76
26,750,paved,0,29
155,550,dirt,0,167
126,1900,paved,0,135
58,1250,dirt,1,124
123,700,dirt,1,186
28,900,paved,1,82
46,2000,sand,0,86
77,1000,paved,0,82
13,900,dirt,0,27
180,700,sand,1,263
125,50,dirt,1,185
199,900,sand,1,283
89,750,dirt,1,152
160,1850,rocky,1,259
197,0,paved,1,247
57,1650,paved,0,65
8,1750,sand,0,46
142,650,sand,0,175
87,1650,dirt,0,105
12,750,rocky,0,55
35,200,rocky,1,126
84,1350,sand,0,120
114,1950,paved,0,123
110,1600,sand,0,148
143,1500,dirt,0,160
173,1300,dirt,1,239
45,650,dirt,0,58
108,1100,dirt,1,173
32,1700,dirt,0,50
3,1500,paved,1,60
94,200,dirt,1,155
28,1200,dirt,0,44
152,1750,paved,0,160
154,250,paved,0,155
152,150,dirt,1,212
89,450,rocky,0,131
109,300,paved,1,160
178,700,paved,0,181
183,600,dirt,1,246
116,600,dirt,0,129
158,950,paved,1,212
78,450,dirt,1,140
67,500,rocky,1,159
23,1300,sand,1,109
136,1150,paved,0,141
24,1250,sand,1,110
165,450,sand,0,197
25,1000,sand,0,60
62,650,paved,1,115
111,150,rocky,0,151
186,1700,dirt,1,254
183,450,rocky,1,275
28,1050,dirt,0,43
173,600,sand,1,256
27,750,rocky,1,120
40,1450,paved,1,97
39,1950,rocky,0,88
104,1950,rocky,1,203
121,1250,dirt,1,187
16,600,sand,1,99
32,800,sand,0,66
41,850,dirt,1,105
103,1800,dirt,0,122
116,1750,dirt,1,184
172,1150,rocky,1,267
73,750,rocky,1,166
47,250,rocky,1,138
159,900,dirt,0,173
115,850,paved,0,119
56,450,sand,1,138
78,200,dirt,0,89
91,1450,sand,1,178
110,1500,sand,1,197
152,400,sand,1,234
105,1200,rocky,0,151
190,1550,rocky,1,287
95,200,paved,1,146
127,1900,rocky,1,226
158,1000,sand,0,193
84,1250,paved,1,140
25,1550,dirt,0,42
107,450,dirt,0,119
86,1200,rocky,1,182
162,1950,sand,0,201
123,2000,paved,1,183
40,1000,dirt,0,55
101,600,rocky,1,194
168,650,sand,0,201
197,1200,paved,0,203
34,1400,rocky,0,81
6,150,sand,0,36
84,650,rocky,0,127
7,1850,rocky,1,106
128,700,sand,0,161
11,1850,rocky,0,60
87,900,dirt,0,101
102,900,dirt,1,166
8,650,dirt,1,71
110,1900,rocky,1,209
44,250,dirt,0,55
3,1850,dirt,0,22
33,2000,sand,0,73
46,1950,rocky,0,95
5,600,rocky,0,48
4,600,paved,0,7
6,1050,sand,1,91
157,600,paved,1,210
25,1100,paved,1,80
92,1950,dirt,0,111
135,1700,rocky,1,233
82,1050,rocky,0,127
128,450,paved,0,130
130,850,rocky,1,224
162,0,rocky,0,202
113,1450,rocky,0,160
73,1350,sand,1,159
198,1400,rocky,1,295
195,300,dirt,0,206
71,1550,rocky,0,118
107,1450,dirt,1,174
96,100,dirt,1,156
82,1900,rocky,0,131
65,1800,dirt,0,84
90,350,paved,0,91
160,950,sand,0,194
46,50,dirt,0,56
58,300,paved,1,109
101,1550,sand,1,188
90,900,dirt,1,154
200,800,dirt,0,214
63,1250,rocky,1,159
138,350,paved,1,189
22,1150,sand,1,107
56,400,dirt,1,118
70,400,sand,1,152
27,1000,paved,0,32
30,250,rocky,0,71
117,1950,paved,1,176
103,800,dirt,1,167
112,1200,sand,0,148
74,800,dirt,0,88
7,1800,dirt,0,26
130,650,paved,0,133
150,650,sand,0,183
58,300,paved,0,59
174,1550,rocky,1,271
174,1400,rocky,0,221
147,1000,rocky,1,242
42,1750,sand,1,130
145,350,paved,0,146
107,1800,sand,0,146
12,2000,dirt,1,82
79,1300,paved,1,135
90,1600,sand,1,178
151,2000,sand,1,241
10,1800,rocky,0,59
127,300,dirt,1,188
73,1200,sand,1,159
112,2000,sand,1,202
121,1050,paved,1,176
22,950,paved,0,26
180,1400,dirt,1,247
164,1800,dirt,0,183
188,450,rocky,1,280
156,550,rocky,1,248
72,1200,dirt,0,88
11,150,sand,0,41
154,400,sand,1,236
154,100,rocky,1,244
193,1750,rocky,0,241
163,1150,paved,0,168
181,0,sand,1,261
147,400,dirt,1,209
78,450,sand,1,160
3,450,sand,1,85
155,350,dirt,0,166
149,1500,sand,0,186
188,1850,rocky,1,287
113,150,dirt,0,123
147,300,paved,1,198
22,250,sand,1,103
133,1600,paved,1,191
192,1750,sand,1,280
5,650,sand,0,38
31,200,dirt,0,42
90,1100,rocky,1,185
184,550,paved,0,186
112,550,dirt,0,124
73,850,rocky,1,167
173,1500,rocky,1,270
148,2000,sand,1,238
183,150,dirt,0,193
128,1400,paved,0,135
88,1750,rocky,0,136
165,650,sand,0,198
80,0,rocky,0,120
130,1350,dirt,1,196
13,1600,paved,0,21
45,900,sand,0,79
190,200,sand,1,271
174,200,sand,0,205
113,1750,rocky,0,161
12,250,dirt,1,73
7,1450,dirt,0,24
77,1150,paved,0,82
188,950,dirt,0,202
96,850,dirt,0,110
94,600,sand,1,177
169,1550,dirt,1,236
44,1450,sand,0,81
149,1550,sand,0,186
37,1700,sand,1,125
187,2000,rocky,1,287
98,2000,sand,1,188
34,600,paved,1,87
14,1300,rocky,1,110
93,1500,dirt,0,110
104,950,sand,0,138
184,1700,sand,1,272
28,600,rocky,1,121
42,300,rocky,1,133
95,700,rocky,0,138
68,1300,sand,0,104
126,1200,dirt,0,142
97,500,dirt,0,109
194,850,sand,0,228
59,750,sand,0,92
52,1150,rocky,0,97
163,900,dirt,1,227
108,1850,rocky,1,207
143,150,dirt,1,203
46,500,dirt,1,108
44,750,rocky,0,87
27,1650,dirt,1,95
51,100,rocky,0,91
46,1150,dirt,0,61
33,1150,paved,1,88
83,1300,rocky,0,129
97,1050,rocky,0,142
7,1300,rocky,0,53
28,500,rocky,0,70
193,100,rocky,0,233
178,1600,sand,1,266
178,1300,sand,1,264
193,1750,sand,1,281
128,1550,rocky,1,225
114,150,sand,1,194
173,100,dirt,1,233
28,1650,sand,1,116
87,1450,paved,0,94
132,1200,dirt,1,198
47,200,rocky,0,88
138,900,rocky,1,232
31,1050,dirt,0,46
63,250,sand,0,94
194,1100,paved,1,249
168,350,paved,1,219
162,1600,sand,1,250
1,250,dirt,0,12
184,150,paved,0,184
22,1850,dirt,0,41
167,850,dirt,0,181
191,1050,sand,0,226
161,1350,sand,1,247
157,1650,sand,0,195
22,300,rocky,1,113
12,900,sand,0,46
93,1900,paved,0,102
175,350,paved,1,226
156,0,paved,1,206
79,2000,sand,0,119
13,400,dirt,0,25
106,250,paved,1,157
171,1300,dirt,0,187
36,0,paved,1,86
44,1600,sand,1,132
42,650,rocky,0,85
87,100,rocky,0,127
33,1900,sand,0,72
65,600,dirt,1,128
16,900,rocky,0,60
125,1350,dirt,1,191
115,350,sand,1,196
119,150,dirt,1,179
180,1350,sand,1,266
53,1200,dirt,0,69
2,1600,rocky,1,100
74,1300,sand,0,110
21,50,paved,1,71
185,1500,rocky,1,282
113,2000,sand,0,153
56,1250,rocky,1,152
75,1350,paved,0,81
106,1950,dirt,0,125
104,750,sand,0,137
41,500,paved,1,93
43,850,rocky,0,87
3,450,paved,0,5
22,2000,dirt,1,92
110,1850,rocky,0,159
123,800,paved,0,127
149,450,sand,1,231
163,2000,dirt,1,233
102,1650,sand,0,140
96,700,paved,0,99
145,200,paved,1,196
76,850,rocky,1,170
115,150,sand,1,195
200,600,sand,0,233
41,50,dirt,1,101
70,1100,paved,0,75
123,2000,paved,1,183
140,350,paved,0,141
139,200,sand,1,220
126,100,dirt,0,136
68,1950,paved,0,77
83,1300,paved,0,89
68,1000,rocky,1,163
182,250,paved,1,233
91,1700,paved,1,149
161,350,dirt,1,222
105,1650,paved,0,113
45,1350,dirt,1,111
144,1200,rocky,0,190
27,1350,paved,0,33
6,450,rocky,0,48
44,1150,sand,1,129
37,450,dirt,0,49
140,150,sand,1,220
158,1250,dirt,1,224
163,1350,sand,1,249
133,600,sand,1,216
176,50,paved,1,226
57,400,rocky,0,99
194,100,sand,1,274
77,1550,rocky,0,124
46,1950,rocky,1,145
149,0,rocky,0,189
194,900,rocky,1,288
91,1050,sand,0,126
159,1100,rocky,1,254
122,1350,rocky,1,218
115,100,rocky,0,155
46,600,rocky,1,139
164,1350,sand,0,200
169,1000,rocky,1,264
56,1300,sand,1,142
171,0,sand,0,201
134,1750,sand,1,222
153,950,rocky,0,197
23,1850,paved,0,32
85,750,paved,0,88
98,450,sand,0,130
58,1600,rocky,0,106
30,350,rocky,1,121
11,400,paved,0,13
188,50,sand,1,268
3,1050,sand,1,88
183,1350,sand,0,219
15,1100,dirt,0,30
18,750,dirt,0,31
62,1600,rocky,1,160
71,1800,dirt,1,140
120,1250,paved,0,126
79,350,rocky,1,170
12,1300,sand,1,98
192,2000,paved,1,252
158,100,sand,1,238
119,1700,rocky,1,217
151,1450,sand,1,238
110,350,sand,1,191
20,750,sand,1,103
39,1150,paved,0,44
75,1650,dirt,0,93
110,2000,rocky,1,210
139,1000,rocky,1,234
98,700,dirt,0,111
34,1500,rocky,1,131
19,450,paved,1,71
71,550,paved,0,73
11,1850,sand,0,50
187,1300,dirt,1,253
188,950,rocky,1,282
167,1450,sand,1,254
7,200,paved,1,58
162,0,rocky,1,252
101,350,rocky,1,192
17,1250,rocky,0,63
31,450,rocky,0,73
80,100,dirt,1,140
150,1450,dirt,0,167
84,1900,sand,1,173
81,1850,sand,0,120
105,600,rocky,0,148
191,1350,dirt,1,257
10,1200,sand,0,46
147,200,dirt,1,208
178,0,sand,0,208
49,700,rocky,0,92
159,100,sand,1,239
117,1350,dirt,0,133
183,1050,dirt,1,248
98,650,sand,1,181
195,150,sand,1,275
40,450,rocky,0,82
179,700,rocky,0,222
55,1950,paved,1,114
48,1350,paved,0,54
80,1700,rocky,0,128
37,0,sand,0,67
132,1150,paved,1,187
41,1750,paved,0,49
157,950,paved,1,211
85,500,sand,1,167
100,1000,dirt,0,115
43,800,dirt,1,107
144,1000,sand,1,229
73,1300,sand,1,159
67,550,dirt,0,79
109,700,paved,1,162
74,1700,rocky,1,172
62,950,paved,0,66
27,1300,sand,1,113
59,1950,dirt,1,128
2,1850,sand,1,91
92,1150,sand,0,127
33,300,rocky,1,124
92,1750,rocky,1,190
124,350,dirt,1,185
86,950,rocky,1,180
172,1550,dirt,0,189
38,1300,paved,1,94
52,2000,dirt,1,122
83,200,sand,1,164
56,300,dirt,0,67
38,1900,dirt,0,57
113,1200,sand,1,199
173,900,rocky,0,217
193,1800,sand,1,282
118,650,rocky,1,211
19,500,sand,1,101
103,1000,rocky,0,148
1,50,rocky,0,41
142,1350,sand,1,228
161,50,sand,1,241
19,1300,dirt,0,35
2,0,rocky,0,42
194,300,rocky,0,235
76,750,paved,0,79
28,750,sand,0,61
156,1300,rocky,0,202
78,1450,rocky,1,175
126,1950,sand,0,165
30,800,paved,0,34
82,350,dirt,0,93
53,250,dirt,0,64
186,1900,rocky,0,235
91,1850,dirt,1,160
84,250,rocky,0,125
101,1150,dirt,1,166
112,500,rocky,1,204
91,1200,rocky,0,137
89,200,sand,0,120
145,450,rocky,1,237
18,950,sand,1,102
3,550,rocky,0,45
26,600,dirt,0,39
91,2000,paved,1,151
36,1050,dirt,0,51
32,750,rocky,1,125
138,1250,paved,1,194
114,1300,dirt,1,180
8,150,dirt,1,68
80,200,sand,0,111
53,1950,rocky,0,102
25,1450,dirt,0,42
112,700,paved,1,165
90,1650,sand,0,128
177,50,rocky,0,217
106,1350,dirt,1,172
169,1300,sand,0,205
1,1300,rocky,1,97
22,650,dirt,0,35
97,2000,sand,1,187
87,200,sand,0,118
5,2000,sand,0,45
6,1550,paved,0,13
188,1000,rocky,1,283
148,1850,dirt,0,167
180,2000,paved,1,240
86,1600,rocky,1,184
109,1100,rocky,1,204
90,1800,sand,1,179
139,1400,paved,0,146
194,1350,rocky,0,240
139,1200,sand,1,225
122,1200,rocky,0,168
150,750,paved,1,203
101,1600,dirt,0,119
124,150,sand,0,154
198,1250,rocky,0,244
168,600,paved,1,221
177,1000,rocky,0,222
187,1250,dirt,1,253
94,1600,dirt,1,162
167,1450,paved,0,174
106,1600,sand,0,144
73,250,rocky,0,114
119,450,paved,1,171
145,1550,rocky,0,192
148,900,sand,0,182
182,350,dirt,1,243
41,1700,sand,0,79
2,500,dirt,1,64
39,950,sand,0,73
41,400,paved,0,43
88,1800,paved,1,147
109,1100,paved,1,164
56,1600,paved,0,64
117,450,sand,1,199
157,0,rocky,0,197
194,1150,rocky,0,239
172,750,dirt,1,235
152,1100,paved,1,207
18,1000,paved,0,23
176,1450,rocky,1,273
166,1650,rocky,0,214
110,1100,rocky,1,205
101,750,paved,0,104
152,1900,dirt,1,221
135,1500,rocky,0,182
46,400,paved,1,98
4,400,rocky,0,46
189,1500,dirt,1,256
3,600,sand,1,86
189,450,sand,0,221
149,1200,dirt,1,215
41,0,dirt,1,101
31,250,sand,1,112
40,1150,paved,1,95
64,1850,sand,1,153
176,1000,dirt,0,191
17,250,rocky,0,58
100,350,paved,1,151
122,1900,paved,1,181
125,600,sand,0,158
30,1000,dirt,0,45
69,1950,paved,0,78
98,1300,dirt,0,114
12,1300,sand,1,98
142,650,rocky,0,185
117,1950,sand,1,206
121,900,rocky,1,215
96,900,paved,1,150
85,1800,sand,1,174
155,1350,paved,1,211
179,400,dirt,1,241
128,200,dirt,0,139
141,1300,dirt,1,207
141,1150,sand,1,226
150,1100,sand,1,235
119,600,dirt,1,182
94,1350,dirt,0,110
17,750,rocky,0,60
196,950,paved,1,250
187,600,sand,1,270
27,800,dirt,1,91
178,700,dirt,1,241
30,1600,rocky,1,128
95,1200,rocky,1,191
85,1100,paved,0,90
193,300,rocky,0,234
181,1600,dirt,1,249
52,0,paved,0,52
135,1900,paved,1,194
199,1300,sand,1,285
41,650,dirt,1,104
30,950,rocky,0,74
154,1550,dirt,0,171
101,1800,dirt,0,120
193,400,paved,0,195
20,1200,paved,0,26
3,1200,paved,0,9
13,800,sand,0,47
94,1050,sand,0,129
190,1800,rocky,1,289
22,500,rocky,1,114
155,1850,dirt,0,174
98,900,dirt,1,162
151,1700,paved,1,209
72,2000,rocky,0,122
181,400,dirt,1,243
172,1850,dirt,0,191
42,2000,sand,1,132
191,0,paved,1,241
187,500,paved,0,189
194,1450,paved,1,251
118,0,rocky,0,158
149,850,dirt,0,163
48,1300,paved,0,54
17,1350,sand,0,53
2,250,rocky,0,43
142,50,sand,1,222
182,50,sand,1,262
17,1550,dirt,0,34
134,500,dirt,1,196
146,900,paved,0,150
170,700,sand,1,253
53,500,dirt,0,65
128,1350,sand,1,214
141,1200,rocky,0,187
15,1700,rocky,1,113
178,1150,dirt,0,193
30,1400,rocky,0,77
20,1250,rocky,0,66
19,250,sand,0,50
156,450,rocky,1,248
12,300,paved,0,13
141,400,sand,0,173
133,200,rocky,1,224
53,1050,paved,0,58
98,650,dirt,1,161
60,1100,paved,1,115
42,0,sand,0,72
10,650,sand,0,43
102,1350,sand,0,138
67,650,sand,0,100
113,950,dirt,0,127
14,1950,rocky,0,63
136,1450,paved,0,143
170,1000,sand,1,255
190,0,dirt,0,200
82,600,rocky,0,125
73,100,paved,1,123
114,600,paved,0,117
120,1050,dirt,0,135
34,1850,sand,0,73
44,1100,paved,1,99
97,850,paved,0,101
66,750,dirt,0,79
48,750,rocky,0,91
108,650,sand,1,191
124,1550,paved,1,181
148,1900,dirt,0,167
113,100,rocky,0,153
154,250,rocky,1,245
78,1150,dirt,1,143
113,1450,sand,0,150
79,400,sand,1,161
82,1800,paved,1,141
68,0,sand,1,148
165,500,sand,0,197
43,1650,rocky,1,141
180,350,rocky,1,271
117,550,sand,1,199
170,750,dirt,0,183
175,1950,paved,0,184
167,50,paved,0,167
147,1100,dirt,0,162
23,300,dirt,0,34
200,1350,dirt,0,216
68,600,sand,1,151
71,1650,paved,0,79
20,700,sand,1,103
152,1500,rocky,1,249
105,1650,paved,0,113
16,1850,dirt,1,85
47,600,sand,1,130
142,250,paved,1,193
182,1700,sand,0,220
20,1700,rocky,0,68
177,750,paved,0,180
50,800,sand,1,134
48,200,rocky,1,139
189,400,rocky,0,231
167,1450,dirt,1,234
73,600,paved,1,126
142,700,sand,1,225
118,1250,sand,0,154
30,1700,paved,0,38
164,1850,rocky,1,263
72,1750,sand,1,160
149,1050,sand,1,234
97,1150,paved,0,102
33,350,sand,0,64
166,1500,dirt,0,183
170,100,paved,0,170
8,1100,dirt,1,73
127,850,rocky,1,221
10,1300,rocky,1,106
3,1100,sand,0,38
154,1250,sand,1,240
68,1350,rocky,1,164
75,450,rocky,1,167
178,1300,sand,1,264
190,50,dirt,1,250
110,1650,dirt,0,128
32,550,paved,0,34
81,1550,rocky,1,178
128,1050,dirt,1,193
17,1050,paved,1,72
176,1250,paved,0,182
152,900,paved,0,156
86,500,paved,0,88
30,850,rocky,0,74
14,650,dirt,0,27
187,1400,rocky,1,284
98,1650,rocky,1,196
179,1150,dirt,1,244
169,1000,paved,0,174
128,450,dirt,0,140
39,800,rocky,0,83
86,700,paved,0,89
38,600,dirt,1,101
92,150,dirt,0,102
92,950,dirt,1,156
38,1400,paved,1,95
11,1150,dirt,1,76
171,950,sand,1,255
173,750,sand,0,206
105,850,dirt,1,169
72,1750,sand,0,110
142,1000,sand,0,177
1,1150,dirt,0,16
87,1900,sand,1,176
182,550,dirt,1,244
177,1850,dirt,1,246
80,1900,paved,0,89
194,1000,sand,0,229
33,1550,paved,1,90
70,1150,paved,1,125
26,1300,rocky,0,72
67,750,paved,0,70
14,350,paved,1,65
18,1800,sand,1,107
98,1300,sand,1,184
98,1950,dirt,1,167
129,0,rocky,0,169
159,100,rocky,1,249
38,150,rocky,0,78
57,900,rocky,0,101
123,700,paved,0,126
80,1800,dirt,1,149
112,1650,paved,0,120
92,1350,rocky,0,138
3,1600,dirt,0,21
175,1250,rocky,0,221
164,0,dirt,0,174
152,1500,sand,1,239
138,950,rocky,0,182
167,100,paved,1,217
39,600,dirt,0,52
62,150,dirt,0,72
70,1350,dirt,0,86
188,1100,paved,1,243
186,1500,paved,0,193
36,1750,dirt,0,54
149,400,rocky,0,191
191,1350,paved,0,197
19,150,sand,1,99
24,1700,paved,1,82
139,1000,sand,1,224
22,850,dirt,0,36
72,1750,paved,1,130
104,300,rocky,0,145
133,650,paved,1,186
73,1850,paved,0,82
121,1550,paved,1,178
157,1950,dirt,1,226
71,1250,rocky,0,117
85,1900,sand,0,124
86,1300,paved,1,142
200,300,sand,1,281
73,1550,rocky,0,120
29,1450,dirt,0,46
36,650,sand,1,119
142,0,rocky,1,232
129,1050,rocky,0,174
61,1550,sand,0,98
72,1000,rocky,1,167
72,1400,rocky,0,119
142,650,sand,1,225
79,1400,dirt,0,96
161,1150,paved,1,216
41,1550,rocky,0,88
183,1000,sand,0,218
2,1100,rocky,0,47
29,50,rocky,1,119
140,850,sand,0,174
35,1400,rocky,1,132
96,50,rocky,0,136
139,950,rocky,0,183
44,1700,paved,0,52
106,1900,sand,0,145
169,850,dirt,0,183
91,2000,paved,0,101
55,1900,sand,0,94
100,600,sand,1,183
38,1050,paved,0,43
42,300,rocky,0,83
64,500,dirt,1,126
170,900,paved,1,224
155,800,paved,0,159
167,400,rocky,1,259
8,1050,sand,1,93
38,1100,dirt,1,103
106,1800,rocky,0,155
94,100,dirt,0,104
115,500,sand,1,197
168,1950,dirt,1,237
1,1050,sand,1,86
77,700,sand,0,110
76,650,dirt,1,139
117,1450,sand,1,204
83,100,sand,1,163
84,0,paved,0,84
35,50,dirt,1,95
53,1000,paved,1,108
2,2000,sand,1,92
48,0,sand,1,128
67,500,dirt,0,79
193,250,dirt,0,204
55,1050,dirt,1,120
196,1350,sand,1,282
168,300,rocky,0,209
64,750,paved,0,67
114,250,paved,1,165
9,1250,sand,1,95
97,100,paved,0,97
35,1600,paved,0,43
14,2000,dirt,1,84
63,200,paved,0,64
60,1750,dirt,0,78
165,1550,paved,1,222
97,750,rocky,0,140
87,1000,sand,0,122
187,800,rocky,1,281
143,50,dirt,1,203
129,800,dirt,1,193
157,0,dirt,1,217
129,1350,paved,0,135
3,850,dirt,0,17
121,50,rocky,1,211
114,400,sand,1,196
170,1550,rocky,1,267
166,850,sand,1,250
160,400,dirt,0,172
147,300,dirt,1,208
23,250,rocky,1,114
162,350,dirt,0,173
183,1200,rocky,1,279
79,850,dirt,0,93
111,650,rocky,1,204
25,950,paved,0,29
65,1100,sand,1,150
168,50,paved,1,218
81,0,sand,0,111
89,1400,dirt,0,106
181,500,sand,0,213
161,100,rocky,1,251
166,950,rocky,0,210
171,1050,paved,0,176
148,350,dirt,0,159
5,100,rocky,1,95
198,200,sand,0,229
21,1750,rocky,1,119
127,650,sand,0,160
113,1800,dirt,0,132
12,400,dirt,1,74
171,750,sand,0,204
196,1850,dirt,1,265
2,1750,rocky,1,100
120,100,sand,1,200
46,1650,rocky,1,144
99,250,rocky,0,140
123,1250,paved,0,129
112,600,dirt,1,175
163,150,sand,1,243
6,100,rocky,1,96
59,1450,dirt,1,126
60,100,dirt,1,120
84,600,rocky,1,177
120,800,rocky,0,164
133,200,rocky,0,174
61,1650,paved,0,69
83,1200,sand,1,169
129,1200,paved,1,185
1,1600,rocky,0,49
135,100,rocky,0,175
31,1800,paved,0,40
159,2000,dirt,1,229
193,450,dirt,0,205
109,50,dirt,0,119
86,1650,rocky,1,184
129,250,sand,0,160
35,850,paved,0,39
76,1400,dirt,1,143
17,350,sand,1,98
40,1600,dirt,0,58
106,1650,sand,0,144
48,50,dirt,0,58
95,1100,paved,0,100
175,600,paved,0,178
189,2000,dirt,1,259
119,550,sand,1,201
181,1000,rocky,0,226
118,850,dirt,0,132
193,150,sand,1,273
190,400,rocky,0,232
132,1600,rocky,1,230
92,50,rocky,0,132
115,650,dirt,0,128
29,1650,dirt,0,47
61,100,rocky,0,101
94,2000,paved,1,154
160,450,dirt,0,172
46,750,rocky,1,139
91,1500,rocky,1,188
176,100,paved,0,176
109,500,paved,1,161
99,1200,paved,0,105
87,750,sand,1,170
159,1700,sand,1,247
106,500,dirt,0,118
172,1250,rocky,1,268
44,600,paved,1,97
52,200,sand,1,133
90,1700,paved,1,148
19,700,paved,1,72
20,100,sand,0,50
187,1850,rocky,1,286
20,500,paved,1,72
66,1650,dirt,1,134
130,550,rocky,0,172
61,1150,rocky,1,156
7,1700,rocky,0,55
118,1200,sand,1,204
55,500,sand,1,137
155,850,rocky,1,249
34,1550,sand,1,121
77,250,rocky,0,118
8,400,paved,1,60
158,700,sand,1,241
77,900,rocky,1,171
47,150,sand,1,127
141,450,dirt,1,203
188,1950,dirt,1,257
102,550,rocky,0,144
128,1300,rocky,0,174
110,1700,dirt,0,128
141,600,sand,1,224
75,350,sand,1,156
109,1850,rocky,0,158
70,0,sand,0,100
30,300,rocky,0,71
167,1750,sand,1,255
92,1200,dirt,0,108
173,2000,dirt,1,243
56,1900,dirt,0,75
36,1000,dirt,1,101
116,1400,paved,0,123
11,1650,paved,1,69
158,600,paved,1,211
153,350,sand,0,184
135,1050,dirt,1,200
15,200,dirt,1,76
21,600,dirt,1,84
29,1750,sand,1,117
151,1150,sand,0,186
164,1050,sand,0,199
112,300,rocky,0,153
10,650,rocky,1,103
79,2000,rocky,0,129
45,1000,sand,1,130
146,1850,dirt,1,215
72,500,sand,1,154
167,350,paved,0,168
110,850,paved,0,114
108,1350,rocky,1,204
5,1800,dirt,0,24
179,800,sand,1,263
146,350,paved,0,147
122,0,paved,1,172
20,550,dirt,1,82
29,550,dirt,0,41
149,550,sand,0,181
130,1100,dirt,0,145
174,350,sand,1,255
42,800,rocky,0,86
117,750,rocky,1,210
18,100,rocky,1,108
183,1850,rocky,1,282
118,600,dirt,0,131
64,550,dirt,0,76
138,300,paved,1,189
132,950,dirt,0,146
156,200,rocky,0,197
39,50,sand,0,69
135,950,rocky,1,229
59,1150,sand,1,144
155,700,sand,1,238
25,350,sand,1,106
91,250,sand,1,172
144,1250,paved,0,150
73,800,rocky,0,117
36,1100,sand,0,71
163,1200,sand,1,249
85,0,paved,1,135
32,150,rocky,1,122
93,1250,dirt,1,159
88,100,rocky,0,128
86,1800,paved,1,145
101,1100,paved,0,106
159,900,rocky,0,203
9,1450,dirt,1,76
92,1700,rocky,0,140
151,1800,rocky,1,250
189,50,dirt,0,199
79,1250,rocky,0,125
80,500,dirt,1,142
35,800,dirt,1,99
67,1700,paved,1,125
29,1950,sand,1,118
95,1200,sand,1,181
164,1100,sand,0,199
180,1350,paved,0,186
52,800,paved,0,56
35,150,paved,0,35
134,1000,dirt,0,149
161,50,dirt,0,171
81,1100,dirt,0,96
188,900,sand,0,222
40,1750,rocky,1,138
179,250,paved,1,230
39,2000,rocky,1,139
94,450,rocky,0,136
150,500,paved,0,152
86,1300,paved,1,142
42,500,dirt,1,104
15,100,rocky,0,55
143,900,rocky,1,237
199,700,dirt,0,212
16,150,rocky,0,56
179,1200,paved,1,235
62,1600,paved,0,70
147,800,paved,1,201
61,400,sand,1,143
126,450,sand,0,158
1,1350,rocky,1,97
37,600,dirt,1,100
2,1300,rocky,1,98
34,300,dirt,0,45
184,1150,dirt,1,249
186,400,dirt,0,198
83,100,rocky,1,173
158,150,dirt,1,218
116,1300,paved,0,122
35,500,sand,0,67
109,1050,paved,0,114
23,400,paved,1,75
105,1000,rocky,0,150
66,950,dirt,0,80
31,550,dirt,1,93
160,1850,dirt,1,229
85,1250,dirt,0,101
43,250,rocky,0,84
156,1250,rocky,1,252
26,600,dirt,1,89
33,800,rocky,0,77
156,1900,dirt,1,225
40,400,dirt,1,102
56,1150,paved,0,61
119,2000,rocky,1,219
168,850,paved,1,222
18,1050,paved,1,73
27,100,sand,0,57
113,1200,rocky,1,209
36,1050,paved,1,91
42,350,dirt,0,53
74,1450,paved,1,131
123,1900,sand,1,212
67,1250,rocky,1,163
91,900,sand,1,175
85,550,rocky,0,127
183,600,sand,1,266
186,1800,sand,1,275
158,950,rocky,0,202
106,900,dirt,1,170
174,2000,rocky,0,224
139,950,sand,0,173
18,550,sand,1,100
163,750,dirt,0,176
124,1350,paved,1,180
78,500,dirt,0,90
107,1200,dirt,1,173
67,1950,paved,1,126
52,800,dirt,1,116
140,1100,rocky,0,185
26,950,sand,0,60
35,1800,paved,1,94
34,950,paved,1,88
172,400,rocky,0,214
78,850,sand,1,162
140,1500,rocky,1,237
70,1600,rocky,1,168
76,150,rocky,0,116
118,1250,paved,1,174
88,150,dirt,1,148
19,1700,rocky,0,67
74,100,paved,0,74
148,1150,sand,1,233
152,150,paved,1,202
29,1500,dirt,1,96
74,1450,sand,0,111
184,1250,paved,0,190
130,300,paved,1,181
44,150,paved,0,44
191,400,rocky,1,283
44,1900,rocky,0,93
107,1950,paved,1,166
15,500,rocky,1,107
156,200,rocky,1,247
183,1250,rocky,1,279
196,1050,dirt,1,261
15,850,sand,0,49
105,150,sand,1,185
135,1500,dirt,1,202
25,1750,paved,1,83
104,1900,paved,1,163
61,1200,dirt,0,77
49,800,rocky,1,143
27,300,rocky,0,68
10,700,paved,1,63
29,850,dirt,0,43
23,1100,rocky,1,118
16,1900,sand,1,105
56,1300,sand,0,92
1,1950,paved,0,10
79,1200,paved,0,85
118,1150,dirt,0,133
88,450,dirt,1,150
192,1700,sand,1,280
187,1150,dirt,1,252
45,1450,sand,0,82
57,950,dirt,0,71
194,450,dirt,0,206
100,1600,dirt,0,118
184,1900,dirt,1,253
196,450,rocky,1,288
119,1350,paved,0,125
95,700,rocky,1,188
138,400,dirt,1,200
31,500,dirt,1,93
157,900,rocky,1,251
155,300,dirt,1,216
42,150,rocky,1,132
50,1600,dirt,1,118
69,1300,paved,0,75
173,1450,dirt,1,240
6,950,paved,0,10
107,650,sand,0,140
157,850,sand,1,241
48,1250,dirt,0,64
194,950,paved,1,248
46,400,sand,0,78
72,300,dirt,0,83
50,1300,paved,1,106
153,700,sand,1,236
120,1050,paved,0,125
30,0,dirt,0,40
92,1550,rocky,0,139
109,1450,sand,1,196
127,1850,dirt,1,196
128,1650,sand,1,216
109,350,sand,1,190
162,1000,rocky,0,207
45,150,dirt,0,55
9,350,sand,1,90
13,450,rocky,0,55
187,1300,sand,1,273
96,1550,dirt,0,113
157,900,sand,1,241
52,1350,sand,0,88
126,950,paved,1,180
170,1650,paved,0,178
5,450,dirt,0,17
152,250,dirt,0,163
3,1800,paved,0,12
14,900,rocky,0,58
116,1200,sand,1,202
51,1000,sand,0,86
187,550,sand,0,219
40,150,dirt,0,50
33,700,paved,0,36
199,1100,rocky,0,244
55,350,rocky,0,96
181,1000,paved,1,236
91,500,rocky,1,183
163,550,dirt,1,225
42,300,sand,1,123
22,1650,paved,1,80
97,1550,dirt,0,114
164,1800,dirt,0,183
141,500,sand,0,173
182,1350,rocky,0,228
63,500,rocky,1,155
17,400,dirt,0,29
88,1200,rocky,0,134
150,600,rocky,1,243
106,950,sand,0,140
60,1250,dirt,1,126
49,400,dirt,0,61
157,1750,paved,0,165
9,1100,rocky,1,104
22,350,sand,0,53
32,1200,sand,0,68
88,800,sand,0,122
180,1000,sand,1,265
77,300,rocky,1,168
46,0,dirt,0,56
191,1400,dirt,0,208
176,1100,dirt,0,191
108,850,sand,1,192
61,1100,paved,0,66
116,500,paved,1,168
117,1200,paved,0,123
126,2000,sand,0,166
161,1950,sand,1,250
192,1250,sand,1,278
166,550,paved,1,218
100,900,sand,1,184
166,1950,paved,0,175
165,450,dirt,0,177
156,1700,rocky,1,254
62,200,paved,1,113
69,2000,dirt,0,89
146,750,rocky,0,189
159,0,paved,1,209
41,1900,rocky,0,90
100,0,paved,0,100
64,1500,dirt,1,131
53,1800,sand,0,92
32,200,rocky,1,123
2,1550,rocky,1,99
39,500,sand,0,71
19,1850,rocky,0,68
161,1950,sand,0,200
76,700,rocky,1,169
184,450,sand,1,266
183,850,dirt,1,247
81,1350,dirt,0,97
136,1550,rocky,1,233
99,1700,dirt,0,117
121,1400,dirt,0,138
31,150,rocky,1,121
11,1150,paved,0,16
3,550,dirt,0,15
48,400,sand,0,80
190,800,rocky,0,234
159,200,paved,0,160
145,650,paved,1,198
14,1350,paved,0,20
146,1100,rocky,1,241
122,850,paved,1,176
8,1150,rocky,1,103
139,50,paved,0,139
60,1850,sand,1,149
86,1500,paved,1,143
138,1100,dirt,1,203
188,300,dirt,1,249
198,600,paved,0,201
139,50,sand,0,169
111,1150,paved,1,166
132,950,dirt,0,146
137,800,dirt,1,201
191,900,rocky,1,285
10,1150,rocky,1,105
45,50,rocky,0,85
1,1350,rocky,1,97
106,1800,sand,1,195
169,1700,rocky,1,267
70,1200,rocky,0,116
61,700,sand,0,94
146,700,dirt,1,209
185,500,rocky,0,227
26,100,sand,0,56
130,600,sand,1,213
63,400,rocky,0,105
2,1850,rocky,0,51
161,2000,sand,1,251
80,2000,dirt,0,100
166,600,paved,0,169
98,1550,sand,0,135
8,850,sand,1,92
126,700,sand,0,159
105,1300,paved,1,161
47,1650,dirt,0,65
10,1250,dirt,1,76
157,350,dirt,0,168
110,1200,rocky,0,156
7,250,dirt,1,68
95,1300,sand,0,131
60,1750,dirt,1,128
24,1400,rocky,1,121
173,550,paved,1,225
15,1700,rocky,1,113
134,600,paved,1,187
129,1650,sand,0,167
144,800,dirt,1,208
146,1300,paved,1,202
46,1200,paved,0,52
123,700,sand,0,156
43,300,sand,0,74
66,1250,dirt,0,82
165,650,dirt,0,178
151,1600,sand,1,239
8,1400,sand,1,95
23,950,sand,0,57
39,1900,dirt,0,58
19,1200,sand,1,105
58,1400,dirt,1,125
100,0,dirt,0,110
155,1200,sand,0,191
115,450,dirt,1,177
94,1800,paved,0,103
18,350,paved,0,19
39,1650,sand,0,77
135,850,sand,0,169
186,750,sand,0,219
95,1700,paved,0,103
165,1950,rocky,1,264
135,800,rocky,1,229
28,800,sand,1,112
93,2000,paved,0,103
57,700,paved,0,60
148,1750,paved,0,156
94,1350,sand,1,180
50,1150,paved,1,105
105,1550,rocky,1,202
100,900,dirt,1,164
87,1900,paved,0,96
34,1450,sand,1,121
185,1000,paved,1,240
193,1100,sand,0,228
85,1200,rocky,1,181
151,0,paved,0,151
135,350,dirt,0,146
89,900,sand,0,123
76,1650,sand,0,114
188,450,sand,0,220
54,150,sand,0,84
46,50,rocky,0,86
135,600,dirt,0,148
85,650,dirt,0,98
41,1100,rocky,1,136
154,1000,dirt,0,169
155,300,sand,0,186
7,1250,sand,0,43
20,800,sand,1,104
73,1750,rocky,1,171
140,150,sand,0,170
130,1050,dirt,1,195
109,300,sand,0,140
60,100,rocky,1,150
190,1000,paved,0,195
135,1100,paved,1,190
126,1950,paved,0,135
148,650,paved,1,201
60,1250,dirt,0,76
180,1850,rocky,1,279
16,700,sand,1,99
88,1800,rocky,1,187
57,800,sand,0,91
2,700,sand,0,35
189,1250,paved,0,195
128,1450,dirt,0,145
157,1550,dirt,1,224
64,550,dirt,0,76
186,850,paved,1,240
154,1300,paved,1,210
51,600,dirt,0,64
121,0,rocky,0,161
3,1650,paved,1,61
153,250,rocky,1,244
94,1150,paved,1,149
38,1550,paved,1,95
37,1600,paved,1,95
85,1400,paved,0,92
179,1250,rocky,0,225
146,1100,dirt,1,211
181,600,dirt,0,194
190,1450,rocky,1,287
108,1350,paved,1,164
71,1400,sand,1,158
145,1200,dirt,1,211
45,950,paved,1,99
18,350,sand,1,99
75,2000,sand,1,165
40,550,paved,0,42
197,0,dirt,0,207
104,1900,dirt,1,173
61,50,dirt,1,121
47,600,sand,1,130
165,1850,paved,1,224
145,200,paved,0,146
104,1700,sand,0,142
146,1050,sand,0,181
182,600,dirt,0,195
177,1050,dirt,0,192
48,650,rocky,1,141
162,150,paved,0,162
167,1800,rocky,0,216
43,1650,paved,0,51
128,850,sand,1,212
93,300,paved,0,94
11,1050,sand,0,46
151,500,paved,1,203
171,250,dirt,1,232
49,450,dirt,1,111
136,1300,sand,0,172
182,1550,dirt,0,199
50,1150,dirt,0,65
135,600,paved,0,138
1,300,paved,1,52
116,1850,paved,1,175
181,800,rocky,0,225
57,1950,sand,0,96
181,1200,sand,0,217
21,750,rocky,1,114
41,1250,sand,1,127
69,1950,paved,0,78
3,750,sand,1,86
104,1500,dirt,0,121
145,250,paved,0,146
55,250,dirt,0,66
38,1300,paved,0,44
155,550,paved,0,157
118,850,rocky,1,212
35,850,paved,0,39
6,400,paved,1,58
40,600,rocky,0,83
145,450,dirt,0,157
70,1150,paved,1,125
62,1200,paved,0,68
131,800,rocky,1,225
178,800,dirt,0,192
15,1450,sand,0,52
147,0,dirt,0,157
25,2000,paved,1,85
147,800,paved,1,201
73,950,paved,0,77
43,1000,sand,0,78
130,850,sand,1,214
117,1950,dirt,1,186
133,1200,paved,1,189
44,1350,sand,1,130
5,450,sand,0,37
154,1850,paved,0,163
128,750,rocky,0,171
148,1250,paved,1,204
112,1450,sand,0,149
170,1000,sand,1,255
59,1950,sand,1,148
111,650,dirt,0,124
19,1700,rocky,1,117
116,450,sand,0,148
21,950,dirt,1,85
3,1200,paved,0,9
176,1300,dirt,0,192
125,1100,paved,1,180
63,1000,paved,0,68
18,900,paved,1,72
114,150,paved,1,164
199,1900,paved,0,208
87,300,dirt,1,148
172,200,paved,0,173
63,1800,dirt,0,82
199,1350,sand,0,235
56,350,paved,0,57
44,650,rocky,1,137
170,1000,dirt,0,185
3,1600,paved,0,11
36,1650,dirt,0,54
80,1800,rocky,1,179
85,1750,rocky,1,183
29,350,paved,1,80
33,150,paved,1,83
82,850,sand,1,166
164,400,paved,1,216
44,1250,sand,0,80
31,200,dirt,1,92
40,950,dirt,1,104
23,1400,paved,0,30
40,500,paved,0,42
119,300,rocky,0,160
6,1950,paved,1,65
2,1150,paved,1,57
111,350,paved,0,112
38,1400,paved,0,45
174,1850,sand,1,263
14,1600,rocky,1,112
65,1950,sand,1,154
60,1600,dirt,1,128
112,100,rocky,0,152
156,900,sand,0,190
55,1650,rocky,0,103
129,200,dirt,1,190
196,950,sand,0,230
85,1950,paved,1,144
27,650,dirt,1,90
75,200,dirt,1,136
160,1450,rocky,1,257
94,250,rocky,1,185
128,1400,dirt,0,145
30,950,sand,1,114
169,1900,sand,1,258
68,100,paved,1,118
8,0,rocky,0,48
20,850,sand,1,104
119,1550,dirt,1,186
126,400,paved,0,128
26,1700,dirt,0,44
23,550,paved,1,75
97,850,paved,0,101
23,1600,dirt,0,41
76,800,paved,1,130
120,300,sand,1,201
14,1100,sand,1,99
65,400,paved,1,117
9,950,dirt,0,23
172,750,paved,1,225
5,1250,rocky,0,51
180,2000,rocky,1,280
47,800,rocky,1,141
111,450,paved,0,113
184,1500,rocky,0,231
61,1100,dirt,1,126
40,950,rocky,1,134
127,1900,sand,0,166
61,1500,rocky,1,158
47,1200,dirt,0,63
177,100,dirt,0,187
4,1450,dirt,1,71
41,800,sand,1,125
137,1600,sand,0,175
21,1700,rocky,0,69
1,450,sand,0,33
181,200,paved,0,182
149,1950,rocky,1,248
162,1000,paved,0,167
113,1650,paved,0,121
193,700,dirt,1,256
162,450,dirt,1,224
173,1400,sand,0,210
102,1750,sand,0,140
72,1500,paved,1,129
155,500,paved,0,157
153,1100,dirt,0,168
36,300,paved,0,37
9,800,sand,1,93
2,1900,rocky,1,101
192,1100,paved,0,197
68,200,rocky,0,109
189,1400,paved,1,246
181,100,paved,0,181
137,100,sand,1,217
30,650,paved,0,33
139,0,rocky,1,229
135,1200,rocky,1,231
97,1950,dirt,0,116
104,900,dirt,0,118
101,450,paved,1,153
63,450,rocky,0,105
174,1600,rocky,1,272
145,0,sand,0,175
69,850,rocky,0,113
135,1900,paved,1,194
156,750,rocky,1,249
85,800,paved,1,139
58,100,sand,1,138
127,1400,dirt,1,194
40,600,paved,0,43
81,1150,paved,0,86
77,1150,rocky,0,122
99,1550,rocky,0,146
200,1200,rocky,0,246
12,1100,sand,1,97
129,1000,rocky,1,224
177,400,rocky,1,269
84,50,rocky,1,174
42,1050,paved,0,47
105,150,rocky,1,195
89,650,sand,0,122
163,1450,sand,1,250
143,1000,dirt,0,158
19,950,dirt,1,83
3,450,sand,1,85
116,900,dirt,1,180
72,800,rocky,0,116
79,1950,sand,0,118
154,1300,sand,0,190
173,600,dirt,0,186
157,1700,rocky,1,255
7,1350,rocky,0,53
77,800,sand,0,111
53,1600,paved,0,61
184,650,dirt,0,197
162,1100,dirt,1,227
102,250,sand,1,183
34,100,paved,0,34
151,1650,paved,1,209
173,1250,paved,1,229
24,1350,dirt,0,40
5,50,paved,0,5
19,700,dirt,0,32
164,400,sand,0,196
175,1650,rocky,0,223
46,1200,rocky,1,142
113,50,paved,1,163
6,800,paved,0,10
173,50,sand,0,203
143,1450,sand,0,180
136,0,rocky,1,226
118,50,dirt,0,128
195,1350,sand,1,281
100,1750,rocky,1,198
150,1950,dirt,0,169
36,1850,rocky,0,85
162,850,dirt,0,176
163,1200,rocky,0,209
36,600,dirt,1,99
98,550,paved,1,150
80,1700,rocky,0,128
65,150,rocky,0,105
114,1250,sand,1,200
147,550,rocky,0,189
22,1900,rocky,0,71
12,250,sand,1,93
62,1500,paved,1,119
158,1700,paved,0,166
142,700,sand,0,175
124,1600,sand,0,162
7,950,dirt,1,71
117,450,dirt,1,179
63,850,paved,0,67
26,200,sand,0,57
115,400,paved,0,117
50,2000,rocky,0,100
59,1050,paved,0,64
157,100,rocky,0,197
126,950,sand,1,210
157,1500,paved,1,214
182,2000,sand,0,222
181,1900,dirt,0,200
190,1350,paved,1,246
167,350,dirt,0,178
11,700,rocky,0,54
160,350,sand,0,191
56,250,paved,0,57
5,50,rocky,1,95
194,1950,rocky,1,293
16,250,dirt,1,77
133,1400,paved,0,140
110,300,dirt,1,171
157,1250,rocky,0,203
160,1150,dirt,0,175
149,200,sand,0,180
125,0,sand,1,205
167,300,dirt,0,178
111,1350,dirt,0,127
42,900,rocky,1,136
15,1350,dirt,0,31
14,300,rocky,0,55
26,1150,dirt,1,91
85,400,paved,1,137
128,100,rocky,0,168
150,700,dirt,0,163
148,250,dirt,0,159
84,1850,paved,0,93
95,1450,rocky,0,142
189,50,rocky,0,229
86,1150,paved,1,141
80,1600,sand,1,168
78,950,dirt,1,142
84,50,paved,0,84
56,1800,sand,0,95
33,550,sand,1,115
98,1050,rocky,0,143
87,1200,dirt,1,153
197,1300,rocky,1,293
133,750,sand,1,216
190,2000,paved,1,250
39,850,sand,0,73
91,1450,paved,0,98
122,500,rocky,0,164
162,750,rocky,1,255
42,900,rocky,0,86
63,850,sand,0,97
178,200,paved,0,179
55,500,sand,1,137
22,50,paved,1,72
14,900,sand,1,98
124,1850,paved,0,133
181,650,rocky,0,224
78,400,rocky,1,170
31,650,paved,1,84
58,300,sand,1,139
16,1950,rocky,1,115
114,1050,sand,0,149
105,900,rocky,0,149
191,700,rocky,0,234
40,450,rocky,1,132
197,900,dirt,0,211
94,1750,sand,1,182
84,1500,rocky,1,181
164,1350,paved,0,170
54,1150,sand,1,139
115,1300,rocky,1,211
166,900,dirt,1,230
78,100,sand,1,158
51,1050,paved,0,56
22,1000,sand,1,107
138,1600,paved,1,196
151,1400,paved,0,158
153,1750,rocky,1,251
58,650,rocky,1,151
175,1100,paved,0,180
40,1000,dirt,1,105
73,50,sand,0,103
173,1700,sand,1,261
50,200,dirt,0,61
178,1600,sand,1,266
178,1200,rocky,1,274
190,700,rocky,1,283
194,1500,rocky,0,241
27,1450,rocky,0,74
181,1850,rocky,0,230
105,1700,dirt,0,123
23,1750,sand,0,61
174,1550,dirt,1,241
175,550,dirt,1,237
119,350,dirt,0,130
31,450,paved,0,33
196,400,sand,1,278
180,50,paved,1,230
126,200,sand,0,157
186,750,sand,1,269
177,400,dirt,1,239
174,200,dirt,0,185
3,700,rocky,0,46
198,450,dirt,0,210
14,1500,rocky,0,61
110,950,dirt,0,124
107,650,sand,0,140
65,1050,sand,1,150
72,1400,sand,0,109
176,650,rocky,0,219
94,1900,sand,0,133
40,1550,paved,0,47
78,700,paved,1,131
113,750,dirt,1,176
151,1450,paved,0,158
122,1550,sand,0,159
191,250,dirt,0,202
76,850,rocky,1,170
132,100,sand,1,212
15,1300,paved,0,21
177,1800,sand,1,266
183,1250,paved,1,239
5,2000,rocky,1,105
178,950,sand,0,212
1,650,sand,0,34
171,1400,dirt,0,188
66,50,paved,0,66
181,1750,paved,0,189
159,1200,sand,0,195
4,1550,paved,0,11
69,50,dirt,1,129
60,800,rocky,1,154
155,350,dirt,0,166
8,700,rocky,1,101
9,50,rocky,0,49
118,150,paved,1,168
36,1400,sand,0,73
189,950,sand,0,223
154,1700,dirt,0,172
75,1000,dirt,1,140
28,1800,dirt,1,97
76,1250,paved,0,82
90,1600,sand,1,178
90,1050,paved,1,145
131,1500,sand,1,218
168,950,sand,1,252
23,1700,dirt,0,41
152,800,dirt,1,216
64,500,dirt,0,76
192,2000,rocky,1,292
4,450,rocky,0,46
168,100,paved,0,168
28,1000,dirt,1,93
67,950,rocky,0,111
181,1300,sand,0,217
24,1450,dirt,1,91
104,1650,paved,0,112
194,800,rocky,0,238
126,300,dirt,0,137
71,850,rocky,0,115
151,50,dirt,0,161
148,2000,paved,1,208
44,1700,rocky,1,142
141,1950,dirt,1,210
29,1800,rocky,0,78
140,1350,paved,1,196
55,600,rocky,0,98
1,400,dirt,0,13
63,1700,dirt,0,81
24,1500,rocky,1,121
116,1750,sand,0,154
155,1400,sand,1,242
190,950,rocky,1,284
59,1350,paved,1,115
47,1150,dirt,0,62
184,1550,paved,1,241
81,1800,dirt,1,150
14,1050,paved,0,19
92,1350,rocky,1,188
153,1250,dirt,1,219
96,500,paved,1,148
68,500,paved,1,120
89,350,rocky,0,130
147,250,rocky,1,238
148,1750,dirt,0,166
145,1250,dirt,0,161
144,1250,rocky,1,240
19,50,rocky,1,109
77,650,dirt,1,140
82,450,sand,1,164
82,100,sand,1,162
73,1850,dirt,1,142
11,1000,paved,1,66
46,1850,dirt,0,65
163,1450,paved,1,220
44,1700,dirt,0,62
189,1450,dirt,0,206
93,1700,paved,1,151
198,1800,paved,1,257
61,350,dirt,1,122
165,900,paved,1,219
91,1450,rocky,1,188
87,1900,dirt,1,156
110,2000,paved,0,120
129,1950,rocky,1,228
142,0,dirt,1,202
6,1650,sand,1,94
104,200,sand,1,185
64,1600,paved,0,72
71,1450,rocky,1,168
113,1250,sand,1,199
11,1850,rocky,1,110
68,2000,dirt,0,88
40,800,paved,1,94
48,400,rocky,0,90
67,450,sand,1,149
171,800,paved,0,175
155,200,rocky,0,196
57,950,dirt,0,71
64,1950,dirt,0,83
39,1500,dirt,0,56
10,1250,sand,0,46
65,2000,paved,1,125
39,50,dirt,0,49
116,1050,sand,1,201
91,700,paved,1,144
70,250,paved,1,121
86,1950,sand,0,125
166,50,sand,1,246
46,1650,dirt,1,114
89,0,sand,1,169
70,1700,paved,0,78
138,1400,paved,0,145
159,1800,dirt,1,228
15,1800,sand,0,54
59,1650,sand,0,97
78,1200,paved,1,134
60,1550,sand,0,97
46,1850,dirt,1,115
108,400,dirt,0,120
143,750,dirt,0,156
51,900,rocky,0,95
68,350,sand,1,149
64,1250,paved,0,70
169,1250,rocky,1,265
3,700,sand,0,36
119,400,dirt,1,181
93,700,sand,0,126
111,400,sand,0,143
61,900,rocky,1,155
154,900,dirt,0,168
83,1300,dirt,1,149
83,950,paved,0,87
134,2000,dirt,1,204
13,50,sand,1,93
81,1250,rocky,0,127
123,50,paved,0,123
126,50,rocky,1,216
71,2000,paved,1,131
75,750,paved,0,78
70,850,paved,1,124
163,1550,sand,1,250
20,1400,dirt,0,37
126,1050,dirt,1,191
32,0,sand,1,112
165,1800,paved,1,224
197,200,dirt,0,208
196,200,dirt,0,207
48,1850,sand,1,137
118,150,paved,1,168
59,900,rocky,0,103
44,100,sand,0,74
108,200,sand,0,139
56,1200,sand,0,92
179,800,sand,0,213
3,1350,paved,0,9
87,1400,sand,1,174
142,700,rocky,1,235
45,1450,paved,0,52
25,500,rocky,0,67
125,1600,sand,1,213
119,1550,sand,0,156
75,1300,sand,1,161
133,1600,paved,1,191
41,1100,dirt,1,106
148,2000,rocky,0,198
124,2000,dirt,0,144
33,1700,paved,1,91
128,800,rocky,1,222
84,750,sand,1,167
18,450,paved,0,20
150,1500,rocky,0,197
133,1150,rocky,0,178
173,1200,sand,0,209
168,650,dirt,1,231
98,250,rocky,0,139
157,1650,dirt,1,225
149,1650,paved,0,157
34,300,paved,1,85
61,1650,paved,0,69
169,150,sand,1,249
99,700,sand,0,132
72,1000,paved,1,127
117,1400,dirt,0,134
50,850,paved,1,104
10,1850,paved,0,19
174,1300,sand,0,210
14,250,rocky,1,105
50,400,paved,1,102
43,900,paved,1,97
165,1050,paved,0,170
185,350,paved,1,236
43,1550,paved,0,50
157,1000,sand,1,242
102,600,dirt,0,115
36,1300,rocky,0,82
92,200,dirt,1,153
97,1300,rocky,0,143
27,600,paved,1,80
113,150,dirt,1,173
111,650,sand,0,144
64,800,paved,1,118
194,600,sand,0,227
165,1400,sand,1,252
85,1850,paved,0,94
88,350,paved,0,89
175,1400,dirt,1,242
104,1800,sand,0,143
3,350,sand,1,84
19,1600,paved,0,27
151,1350,rocky,0,197
79,700,sand,0,112
56,900,rocky,0,100
182,1600,paved,0,190
41,1100,paved,0,46
191,150,rocky,0,231
63,1200,paved,0,69
48,150,dirt,1,108
179,1600,dirt,0,197
68,450,dirt,1,130
107,1700,rocky,0,155
7,100,paved,0,7
187,50,sand,1,267
44,800,rocky,1,138
62,1550,dirt,0,79
193,1550,rocky,0,240
92,650,rocky,0,135
66,1250,paved,1,122
32,1250,rocky,1,128
64,0,paved,0,64
10,0,paved,1,60
111,400,paved,0,113
3,1800,dirt,1,72
156,1650,rocky,0,204
182,1450,sand,1,269
49,200,sand,0,80
27,1650,paved,1,85
147,100,paved,0,147
192,1000,sand,0,227
131,900,sand,1,215
188,1000,rocky,0,233
133,800,sand,0,167
40,400,sand,0,72
187,150,sand,1,267
111,1850,sand,1,200
115,1000,rocky,0,160
194,200,dirt,1,255
95,700,dirt,0,108
115,1950,rocky,1,214
169,650,paved,1,222
18,850,paved,0,22
66,1150,rocky,0,111
53,450,paved,0,55
91,350,dirt,1,152
45,1800,paved,1,104
167,1950,rocky,0,216
120,1650,rocky,0,168
90,150,paved,1,140
172,1600,dirt,1,240
50,400,paved,0,52
111,100,rocky,0,151
6,1650,rocky,1,104
43,100,paved,0,43
154,750,sand,0,187
123,1650,paved,1,181
138,1650,paved,0,146
73,100,dirt,1,133
4,950,sand,1,88
170,1000,sand,1,255
146,1600,sand,1,234
173,800,sand,0,207
59,1050,rocky,1,154
114,200,rocky,0,155
55,1800,dirt,1,124
185,200,rocky,0,226
44,550,dirt,0,56
149,1050,paved,1,204
67,1350,sand,1,153
131,800,paved,1,185
97,900,rocky,1,191
83,350,sand,0,114
151,50,paved,1,201
30,1050,rocky,0,75
50,200,paved,1,101
98,300,dirt,0,109
86,1800,dirt,0,105
13,800,paved,1,67
142,1000,sand,1,227
56,750,rocky,0,99
65,850,dirt,1,129
198,600,rocky,1,291
102,1500,rocky,1,199
124,50,rocky,0,164
156,1150,dirt,1,221
134,850,paved,0,138
198,650,paved,0,201
4,450,rocky,1,96
145,1650,rocky,0,193
52,1300,dirt,1,118
142,1200,rocky,1,238
115,1400,sand,0,152
9,1950,dirt,1,78
198,600,sand,1,281
11,900,rocky,0,55
161,950,paved,1,215
111,100,sand,0,141
18,700,dirt,0,31
199,0,dirt,0,209
197,1600,paved,1,255
62,1350,dirt,1,128
65,50,sand,0,95
116,1350,dirt,0,132
183,50,rocky,1,273
74,1650,rocky,1,172
8,1450,dirt,1,75
10,2000,paved,1,70
144,350,dirt,0,155
145,650,sand,0,178
171,100,paved,1,221
78,1750,paved,0,86
58,1950,paved,1,117
178,1550,paved,1,235
189,1850,dirt,1,258
94,1200,sand,0,130
1,800,sand,0,35
73,1750,paved,1,131
113,1700,dirt,0,131
180,0,paved,1,230
113,50,dirt,1,173
166,1100,rocky,0,211
56,1050,dirt,0,71
74,1850,dirt,1,143
69,700,rocky,1,162
166,200,paved,1,217
155,1550,rocky,0,202
75,1250,rocky,0,121
26,150,rocky,1,116
160,300,rocky,0,201
18,1200,dirt,1,84
133,650,paved,0,136
127,1200,sand,1,213
128,1600,rocky,0,176
197,1450,rocky,1,294
136,50,sand,0,166
59,300,rocky,1,150
27,1800,paved,1,86
102,1950,rocky,1,201
190,2000,sand,1,280
79,700,sand,1,162
137,1650,dirt,1,205
144,1800,rocky,1,243
113,300,paved,0,114
184,350,rocky,1,275
145,150,rocky,0,185
22,1900,paved,1,81
9,150,paved,0,9
198,700,dirt,1,261
131,2000,sand,0,171
84,500,sand,0,116
128,700,sand,1,211
55,100,rocky,1,145
124,850,dirt,0,138
27,1400,paved,0,34
68,400,dirt,1,130
36,1150,sand,0,71
139,1000,paved,1,194
161,800,dirt,1,225
83,1100,dirt,0,98
122,1350,rocky,0,168
89,1350,sand,0,125
102,1700,sand,0,140
39,250,paved,1,90
29,800,rocky,0,73
73,50,dirt,1,133
66,300,sand,1,147
99,1800,dirt,1,168
174,700,sand,0,207
167,850,sand,0,201
146,1550,paved,0,153
175,1350,paved,0,181
92,950,paved,0,96
39,1950,rocky,0,88
15,50,dirt,1,75
39,750,rocky,0,82
23,100,rocky,0,63
20,700,rocky,0,63
115,1000,paved,0,120
5,1550,paved,0,12
57,350,rocky,1,148
89,1950,sand,1,178
135,650,paved,0,138
152,1800,paved,0,161
40,650,sand,0,73
1,1450,dirt,0,18
127,1550,dirt,0,144
137,600,paved,0,140
78,1700,dirt,1,146
199,250,sand,0,230
52,1850,rocky,0,101
2,2000,dirt,0,22
53,0,paved,1,103
83,850,dirt,0,97
111,750,dirt,0,124
48,400,dirt,0,60
195,1400,paved,0,202
127,600,sand,0,160
26,950,rocky,1,120
40,250,dirt,0,51
127,600,dirt,0,140
167,1800,dirt,1,236
169,450,rocky,1,261
165,1050,sand,1,250
43,950,sand,0,77
172,50,sand,0,202
55,1700,dirt,1,123
167,50,dirt,0,177
121,1150,paved,1,176
83,550,sand,0,115
195,1750,rocky,1,293
147,600,sand,0,180
34,700,paved,0,37
165,950,sand,0,199
138,350,sand,0,169
72,650,paved,1,125
82,450,dirt,1,144
176,1950,rocky,0,225
91,1800,sand,0,130
4,450,dirt,0,16
38,1800,sand,0,77
87,250,paved,1,138
137,150,dirt,0,147
50,1550,paved,1,107
1,1450,rocky,0,48
99,1250,rocky,1,195
10,1800,rocky,1,109
93,1350,sand,1,179
143,1650,sand,0,181
83,1650,dirt,1,151
177,1800,rocky,0,226
52,1300,rocky,1,148
191,1900,paved,0,200
197,1550,rocky,1,294
124,300,dirt,0,135
78,1750,sand,0,116
109,0,sand,0,139
85,2000,dirt,0,105
146,1600,sand,0,184
8,1800,rocky,0,57
24,2000,sand,0,64
42,350,rocky,1,133
60,750,rocky,0,103
66,200,rocky,0,107
79,1300,paved,0,85
36,1900,dirt,0,55
101,800,paved,1,155
50,450,paved,1,102
86,700,sand,1,169
164,1350,rocky,0,210
188,100,sand,1,268
69,1900,dirt,1,138
14,1050,rocky,0,59
109,1700,rocky,0,157
81,1400,dirt,1,148
163,2000,dirt,0,183
162,1700,dirt,1,230
49,700,rocky,1,142
48,0,sand,0,78
43,1950,dirt,0,62
171,850,paved,0,175
90,800,paved,0,94
61,1350,dirt,1,127
67,500,paved,0,69
28,1350,paved,0,34
34,700,paved,0,37
178,1500,paved,1,235
89,1300,rocky,1,185
70,1150,paved,0,75
45,200,paved,1,96
8,350,paved,0,9
127,50,sand,1,207
180,1450,sand,0,217
125,650,rocky,1,218
36,1800,paved,1,95
184,1650,rocky,0,232
55,300,sand,0,86
60,2000,dirt,0,80
180,400,rocky,0,222
148,1850,rocky,0,197
192,1600,sand,0,230
149,450,rocky,1,241
33,1450,paved,0,40
127,1600,rocky,1,225
58,1200,sand,1,144
188,950,paved,0,192
3,550,paved,1,55
46,800,sand,1,130
53,1850,dirt,1,122
199,400,paved,0,201
156,200,dirt,0,167
117,1150,sand,0,152
104,750,sand,1,187
40,1650,paved,1,98
124,1400,rocky,1,221
112,1200,sand,1,198
59,1000,sand,1,144
170,1050,sand,0,205
120,0,paved,1,170
163,1700,paved,0,171
34,1150,paved,1,89
63,150,paved,1,113
199,950,paved,1,253
160,1950,rocky,1,259
162,250,paved,0,163
198,950,dirt,1,262
5,750,sand,0,38
66,1450,rocky,0,113
7,750,rocky,0,50
49,1600,sand,1,137
73,1200,paved,0,79
119,500,sand,0,151
130,100,rocky,1,220
132,150,sand,0,162
161,650,sand,0,194
87,150,paved,1,137
150,0,dirt,1,210
28,800,rocky,0,72
50,1650,rocky,0,98
18,1700,paved,0,26
55,1100,dirt,0,70
171,450,dirt,1,233
161,1200,rocky,1,257
83,1500,dirt,1,150
46,1750,dirt,1,114
116,550,dirt,0,128
60,1700,rocky,1,158
50,800,sand,1,134
41,1900,sand,1,130
43,1100,rocky,1,138
194,700,paved,1,247
190,50,sand,1,270
153,100,sand,0,183
16,1900,sand,0,55
171,400,dirt,1,233
4,950,rocky,0,48
94,550,dirt,0,106
174,1450,rocky,0,221
94,250,dirt,0,105
57,350,dirt,1,118
101,350,rocky,1,192
102,600,rocky,0,145
194,1350,dirt,1,260
49,200,rocky,0,90
25,450,sand,1,107
75,500,sand,1,157
50,1600,dirt,0,68
105,1050,rocky,1,200
193,1400,dirt,0,210
142,900,dirt,0,156
159,1450,paved,0,166
94,700,rocky,1,187
114,1800,rocky,0,163
55,300,rocky,0,96
93,2000,paved,1,153
102,1650,paved,0,110
116,500,sand,1,198
16,550,sand,0,48
127,1700,dirt,1,195
128,1850,sand,0,167
109,1300,dirt,0,125
10,1700,rocky,1,108
117,950,dirt,1,181
44,950,paved,0,48
103,1150,dirt,1,168
143,900,rocky,0,187
157,1150,rocky,0,202
83,250,rocky,1,174
76,1800,dirt,0,95
187,1500,sand,1,274
4,500,sand,0,36
139,650,paved,0,142
115,1050,paved,0,120
99,400,rocky,1,191
78,1950,rocky,1,177
200,600,sand,1,283
119,1300,paved,1,175
74,1150,dirt,1,139
14,0,sand,1,94
53,950,sand,1,137
200,1350,paved,1,256
68,1850,dirt,0,87
181,1050,rocky,0,226
16,750,rocky,1,109
195,650,rocky,1,288
174,350,dirt,1,235
110,1450,paved,0,117
15,1450,dirt,1,82
124,1500,paved,1,181
139,1700,rocky,0,187
76,1400,dirt,0,93
185,1900,dirt,1,254
19,2000,paved,1,79
28,900,sand,0,62
24,0,sand,1,104
119,100,dirt,0,129
38,350,paved,0,39
68,650,rocky,0,111
44,800,dirt,1,108
117,650,dirt,0,130
79,100,sand,1,159
50,100,sand,0,80
196,1900,paved,1,255
14,600,rocky,0,57
42,150,dirt,0,52
115,1600,dirt,0,133
73,600,rocky,0,116
71,1100,paved,1,126
94,1350,rocky,1,190
10,150,sand,0,40
12,1350,sand,1,98
159,1700,sand,0,197
145,200,dirt,1,206
43,100,rocky,0,83
69,800,rocky,1,163
181,50,rocky,0,221
89,850,paved,0,93
22,100,paved,0,22
85,500,paved,1,137
106,100,sand,1,186
164,1400,paved,0,171
154,0,sand,1,234
12,50,sand,0,42
173,1250,dirt,1,239
68,750,paved,1,121
15,800,rocky,0,59
94,450,dirt,1,156
58,1850,dirt,0,77
48,700,paved,1,101
55,900,rocky,1,149
83,1600,dirt,0,101
41,350,rocky,0,82
85,200,sand,1,166
129,1500,paved,0,136
165,550,dirt,1,227
197,150,sand,0,227
150,1150,dirt,0,165
9,850,sand,1,93
74,1450,paved,1,131
138,800,sand,1,222
3,250,sand,0,34
7,1750,dirt,1,75
7,500,paved,0,9
73,50,paved,0,73
95,1900,dirt,0,114
80,1600,paved,1,138
104,1950,sand,0,143
130,500,paved,0,132
85,1950,paved,0,94
116,900,sand,1,200
112,50,rocky,0,152
32,1600,paved,1,90
110,1600,rocky,0,158
27,500,sand,1,109
23,1950,sand,1,112
132,500,sand,1,214
140,500,rocky,0,182
119,950,rocky,1,213
96,1050,sand,1,181
39,900,sand,0,73
165,800,rocky,0,209
104,300,dirt,1,165
174,1500,dirt,0,191
21,100,paved,0,21
26,200,rocky,1,117
68,1200,paved,1,124
178,1500,dirt,0,195
114,500,dirt,0,126
84,1950,rocky,1,183
49,700,paved,1,102
18,1500,paved,1,75
167,300,rocky,1,258
127,1300,paved,1,183
175,900,sand,1,259
179,500,rocky,1,271
101,1900,sand,1,190
109,1500,dirt,0,126
115,350,rocky,0,156
20,1850,rocky,0,69
33,1700,rocky,1,131
90,850,sand,0,124
22,1250,paved,0,28
182,1850,sand,0,221
117,1700,paved,0,125
159,2000,paved,1,219
149,1200,sand,0,185
89,1950,sand,0,128
30,1700,dirt,1,98
9,900,rocky,0,53
86,800,paved,0,90
44,750,sand,1,127
106,600,dirt,0,119
187,350,sand,0,218
185,850,sand,1,269
174,1850,dirt,1,243
69,1650,paved,0,77
68,250,dirt,1,129
52,600,sand,1,135
142,1450,rocky,1,239
183,1400,sand,0,220
59,1350,rocky,0,105
141,200,dirt,0,152
136,300,sand,1,217
106,1800,paved,1,165
87,150,paved,0,87
112,800,paved,1,166
185,250,sand,1,266
61,1600,rocky,1,159
56,1500,dirt,1,123
159,400,dirt,0,171
138,1050,sand,1,223
59,300,paved,1,110
155,0,sand,0,185
160,1150,paved,0,165
99,1250,rocky,0,145
139,1700,sand,1,227
12,450,sand,0,44
126,1550,paved,0,133
151,1150,rocky,0,196
194,450,paved,1,246
151,750,rocky,0,194
197,550,rocky,1,289
85,600,dirt,1,148
25,550,sand,1,107
5,400,dirt,0,17
21,700,sand,1,104
35,650,sand,0,68
89,100,sand,1,169
158,1500,sand,0,195
119,300,sand,1,200
21,1650,dirt,0,39
140,550,rocky,0,182
123,1400,paved,1,180
154,1500,paved,0,161
2,350,sand,0,33
19,1200,paved,0,25
26,1000,rocky,0,71
100,1600,sand,0,138
70,1600,paved,0,78
178,100,rocky,0,218
116,1850,sand,0,155
116,200,dirt,0,127
193,1000,dirt,0,208
197,150,sand,0,227
76,1200,paved,0,82
60,1450,paved,0,67
53,1300,dirt,1,119
104,1500,rocky,1,201
118,1200,rocky,0,164
21,350,dirt,1,82
72,250,rocky,1,163
177,700,sand,0,210
98,350,sand,0,129
184,1550,paved,1,241
196,0,rocky,0,236
144,1850,paved,0,153
200,150,dirt,0,210
21,1150,paved,1,76
171,900,rocky,0,215
157,450,dirt,1,219
66,800,dirt,1,130
138,1450,sand,1,225
7,950,dirt,1,71
37,150,dirt,0,47
5,850,rocky,0,49
107,1450,rocky,1,204
102,250,sand,0,133
131,700,sand,0,164
43,400,paved,1,95
185,1550,rocky,1,282
16,1300,sand,1,102
175,900,paved,1,229
98,900,dirt,0,112
184,800,paved,1,238
172,950,sand,0,206
83,0,dirt,1,143
171,50,dirt,1,231
191,1150,rocky,1,286
47,550,rocky,1,139
164,200,rocky,1,255
98,1700,rocky,0,146
177,1550,rocky,0,224
116,1900,dirt,1,185
62,850,rocky,1,156
117,150,dirt,0,127
55,1450,sand,0,92
162,50,sand,0,192
123,1650,rocky,0,171
36,800,paved,1,90
105,1400,sand,0,142
130,600,rocky,1,223
49,800,rocky,0,93
28,1200,paved,1,84
147,1000,sand,0,182
51,1800,paved,0,60
53,750,sand,0,86
175,950,rocky,1,269
105,1300,paved,0,111
161,450,sand,0,193
76,1650,sand,0,114
110,1850,paved,0,119
148,1450,paved,1,205
137,700,paved,1,190
196,1250,dirt,1,262
42,1000,dirt,1,107
114,1300,sand,1,200
35,700,dirt,0,48
75,850,dirt,0,89
34,1300,rocky,1,130
116,1000,dirt,1,181
62,450,sand,1,144
2,1050,paved,0,7
99,1900,dirt,1,168
97,50,dirt,1,157
130,1900,rocky,0,179
76,2000,dirt,1,146
181,1100,rocky,0,226
118,0,paved,1,168
57,1300,sand,0,93
161,1350,dirt,0,177
69,700,dirt,1,132
142,1200,rocky,0,188
66,50,paved,0,66
137,200,sand,1,218
187,650,dirt,0,200
176,650,sand,0,209
51,1900,rocky,1,150
59,1400,sand,1,146
64,0,paved,1,114
183,750,paved,1,236
147,1150,sand,0,182
110,1100,sand,1,195
120,850,sand,1,204
136,1750,rocky,1,234
186,1750,rocky,1,284
43,1900,rocky,1,142
30,150,rocky,0,70
56,400,sand,1,138
126,2000,dirt,1,196
130,550,sand,0,162
169,1550,dirt,0,186
108,500,rocky,0,150
21,900,paved,0,25
176,200,paved,1,227
84,1150,paved,1,139
51,250,rocky,0,92
173,1600,dirt,1,241
60,800,dirt,0,74
111,200,paved,1,162
192,600,rocky,0,235
88,350,paved,1,139
55,50,sand,1,135
86,1150,dirt,0,101
180,1150,dirt,0,195
39,850,rocky,0,83
19,1250,paved,0,25
145,550,sand,0,177
108,200,sand,1,189
159,1500,dirt,1,226
172,1900,rocky,0,221
55,1800,sand,0,94
167,1500,paved,0,174
26,750,paved,0,29
36,650,dirt,0,49
176,100,paved,1,226
194,1900,rocky,1,293
147,750,sand,0,180
113,1800,sand,0,152
80,0,rocky,1,170
125,1750,rocky,1,223
146,250,rocky,1,237
84,1050,paved,1,139
20,1350,sand,1,106
164,1050,rocky,1,259
186,1750,rocky,0,234
68,1150,rocky,0,113
148,1550,paved,1,205
78,600,rocky,1,171
172,1200,sand,1,258
95,1600,sand,1,183
142,1850,paved,0,151
186,900,dirt,0,200
120,100,sand,1,200
86,1300,rocky,1,182
168,150,paved,1,218
164,1200,dirt,0,180
21,650,rocky,0,64
125,650,dirt,0,138
37,1600,dirt,1,105
156,700,dirt,1,219
34,400,sand,0,66
56,0,sand,1,136
66,500,paved,0,68
108,300,sand,0,139
85,850,sand,1,169
82,850,sand,0,116
91,2000,dirt,1,161
113,150,paved,1,163
95,400,sand,0,127
197,1300,paved,1,253
185,1050,dirt,0,200
29,1950,sand,1,118
176,1450,rocky,1,273
113,800,rocky,1,207
133,400,rocky,1,225
76,1450,rocky,1,173
46,1600,dirt,0,64
179,1300,dirt,0,195
55,750,paved,1,108
26,1900,paved,1,85
118,200,paved,1,169
85,1350,paved,0,91
34,1650,rocky,0,82
182,1850,sand,1,271
82,950,paved,0,86
155,1550,sand,1,242
46,500,rocky,1,138
97,600,paved,1,150
90,2000,paved,1,150
21,1300,rocky,1,117
70,350,rocky,0,111
6,1050,rocky,1,101
70,400,dirt,1,132
116,600,rocky,0,159
16,1600,rocky,0,64
197,1550,paved,1,254
59,900,dirt,0,73
114,1550,sand,1,201
78,1450,dirt,0,95
16,700,paved,0,19
106,850,sand,1,190
90,350,rocky,1,181
164,1250,dirt,1,230
135,1050,sand,0,170
158,600,sand,0,191
121,250,paved,1,172
74,50,dirt,1,134
41,350,paved,0,42
29,200,rocky,0,70
91,250,paved,1,142
136,1600,dirt,0,154
45,200,paved,0,46
64,100,sand,0,94
175,1350,dirt,1,241
141,1350,paved,0,147
140,450,dirt,0,152
135,750,dirt,0,148
43,1450,rocky,1,140
125,1350,sand,0,161
57,550,paved,0,59
53,1100,rocky,1,148
196,250,dirt,1,257
37,2000,dirt,0,57
18,1050,rocky,0,63
188,1450,rocky,0,235
128,0,paved,1,178
181,300,rocky,1,272
56,1950,rocky,0,105
39,1750,dirt,1,107
147,250,sand,0,178
91,150,sand,0,121
70,1100,rocky,1,165
48,1650,sand,0,86
135,650,rocky,0,178
43,300,rocky,1,134
62,1450,dirt,1,129
78,900,rocky,0,122
29,1550,sand,1,116
11,1850,sand,1,100
55,600,sand,0,88
55,100,paved,1,105
179,0,dirt,0,189
51,450,paved,0,53
45,150,sand,1,125
84,1200,paved,1,140
48,0,paved,1,98
39,1250,dirt,1,105
69,1700,dirt,1,137
74,1750,rocky,1,172
122,1600,rocky,1,220
45,1550,sand,1,132
74,1200,rocky,1,170
56,350,paved,0,57
82,1800,sand,1,171
30,1250,sand,0,66
130,250,dirt,1,191
12,50,rocky,0,52
61,1200,dirt,1,127
105,1150,dirt,0,120
150,1300,rocky,0,196
158,850,rocky,0,202
39,1650,sand,1,127
174,1900,sand,0,213
36,950,dirt,1,100
42,1700,paved,0,50
45,1200,rocky,0,91
185,1250,paved,1,241
167,1600,paved,0,175
174,1650,rocky,0,222
81,1300,sand,1,167
179,1900,paved,0,188
91,150,dirt,1,151
46,1650,dirt,0,64
198,200,paved,1,249
200,1850,dirt,1,269
105,1550,rocky,0,152
172,1600,sand,1,260
16,50,rocky,1,106
99,1050,dirt,0,114
67,550,dirt,0,79
50,100,paved,1,100
105,950,dirt,0,119
147,750,paved,1,200
44,300,paved,1,95
81,1000,rocky,1,176
58,1100,paved,0,63
185,1500,sand,1,272
105,100,paved,0,105
101,1350,dirt,0,117
137,2000,paved,1,197
34,1100,paved,1,89
109,1450,dirt,1,176
172,200,paved,0,173
156,800,sand,0,190
82,1200,paved,0,88
125,1950,rocky,0,174
156,750,rocky,1,249
58,1850,dirt,0,77
59,0,paved,1,109
33,1150,dirt,1,98
47,1500,sand,0,84
196,1700,dirt,1,264
71,900,rocky,0,115
28,300,sand,0,59
93,1750,dirt,0,111
4,1400,sand,1,91
89,1350,dirt,0,105
80,700,rocky,0,123
110,1050,dirt,1,175
22,200,rocky,0,63
115,1800,dirt,0,134
155,1850,sand,0,194
73,1950,dirt,1,142
67,1100,paved,0,72
189,1650,sand,1,277
108,650,paved,0,111
151,1100,rocky,0,196
151,350,rocky,1,242
172,450,paved,0,174
179,50,rocky,0,219
138,2000,rocky,1,238
71,850,paved,0,75
52,800,paved,1,106
26,350,rocky,0,67
25,1450,dirt,1,92
95,1300,sand,1,181
51,800,dirt,0,65
60,1400,sand,0,97
144,1050,paved,1,199
52,1800,dirt,0,71
14,0,sand,0,44
82,300,paved,0,83
183,1600,rocky,0,231
57,700,dirt,1,120
134,350,sand,1,215
68,1600,rocky,0,116
136,500,rocky,0,178
153,1950,dirt,1,222
40,1350,paved,0,46
52,350,sand,0,83
31,1400,sand,0,68
154,800,paved,1,208
49,1250,paved,1,105
9,1000,dirt,0,24
129,250,rocky,1,220
101,1600,paved,0,109
199,1950,paved,1,258
131,1550,dirt,1,198
108,1000,dirt,0,123
178,1600,sand,0,216
108,1450,sand,0,145
172,100,dirt,0,182
83,1250,paved,1,139
52,600,paved,1,105
106,850,sand,1,190
29,1350,rocky,1,125
73,1950,rocky,1,172
156,1350,paved,0,162
117,1700,sand,0,155
28,0,dirt,1,88
127,1900,dirt,1,196
51,600,sand,1,134
173,1400,sand,1,260
132,250,sand,1,213
159,450,paved,1,211
30,1800,dirt,0,49
151,1650,sand,1,239
181,1450,dirt,0,198
194,550,paved,0,196
196,2000,sand,0,236
187,1400,dirt,0,204
107,300,paved,0,108
136,1600,rocky,0,184
110,250,dirt,1,171
39,1550,dirt,1,106
4,50,rocky,0,44
79,1050,sand,0,114
196,2000,rocky,1,296
169,550,dirt,1,231
75,1250,dirt,1,141
167,1850,paved,0,176
106,1300,sand,0,142
117,950,sand,0,151
48,300,dirt,1,109
29,1800,paved,1,88
119,400,paved,1,171
170,1750,rocky,1,268
130,1500,paved,1,187
107,350,paved,0,108
2,900,dirt,0,16
199,250,rocky,0,240
24,1900,dirt,0,43
171,600,sand,0,204
119,1650,sand,0,157
154,1700,paved,0,162
46,1850,paved,0,55
183,500,rocky,1,275
126,1500,rocky,1,223
17,950,paved,1,71
84,2000,paved,1,144
43,900,sand,1,127
66,1250,rocky,0,112
34,1050,dirt,1,99
148,1350,paved,0,154
92,1900,sand,1,181
16,750,rocky,0,59
46,1450,paved,0,53
117,650,rocky,0,160
16,500,paved,0,18
80,1650,rocky,0,128
79,1650,sand,1,167
13,400,sand,1,95
42,150,rocky,0,82
98,1850,rocky,0,147
145,200,rocky,1,236
70,1750,sand,0,108
144,1650,sand,1,232
93,1700,dirt,1,161
96,1350,dirt,1,162
131,1850,sand,1,220
198,1000,paved,0,203
1,1100,paved,0,6
37,1350,sand,1,123
29,100,sand,0,59
125,800,paved,1,179
47,550,sand,0,79
103,800,sand,0,137
178,600,rocky,0,221
177,1050,sand,1,262
37,850,sand,0,71
98,100,sand,0,128
74,900,rocky,1,168
6,1950,rocky,0,55
168,1800,rocky,0,217
149,1650,paved,1,207
104,2000,paved,1,164
42,250,rocky,1,133
134,1400,sand,1,221
138,200,sand,1,219
200,1700,sand,0,238
38,1150,paved,1,93
177,1700,rocky,1,275
69,1450,dirt,0,86
191,1850,paved,0,200
55,100,sand,1,135
17,400,rocky,0,59
44,1900,rocky,0,93
87,600,rocky,0,130
6,300,rocky,0,47
50,500,paved,1,102
35,600,paved,0,38
1,1250,paved,0,7
170,1750,paved,0,178
145,1800,rocky,1,244
185,1350,paved,0,191
79,1300,rocky,0,125
86,1000,paved,1,141
51,600,dirt,0,64
72,1700,sand,1,160
83,50,rocky,0,123
84,1400,sand,1,171
192,1000,dirt,1,257
163,1700,dirt,0,181
61,600,paved,1,114
126,1200,paved,0,132
100,100,paved,0,100
122,500,paved,1,174
16,100,rocky,0,56
156,1250,dirt,0,172
198,1500,rocky,1,295
189,100,dirt,1,249
27,650,dirt,0,40
189,800,rocky,0,233
191,750,paved,0,194
132,450,sand,0,164
114,650,paved,0,117
105,1400,rocky,1,202
47,650,paved,1,100
186,1400,dirt,1,253
144,1150,sand,1,229
110,1200,sand,0,146
103,1900,paved,0,112
77,250,paved,0,78
128,1400,dirt,0,145
112,1250,rocky,0,158
163,1550,paved,0,170
85,1800,sand,0,124
188,2000,paved,1,248
155,150,paved,1,205
9,850,dirt,1,73
82,600,paved,1,135
12,1350,rocky,0,58
98,350,paved,1,149
137,150,rocky,0,177
59,650,dirt,1,122
64,850,dirt,0,78
4,800,paved,0,8
19,1200,sand,0,55
134,1250,paved,0,140
119,50,paved,0,119
51,100,dirt,0,61
34,650,paved,0,37
105,1400,sand,0,142
113,500,sand,1,195
115,1400,dirt,0,132
13,300,sand,1,94
190,300,rocky,1,281
119,0,dirt,0,129
191,1200,dirt,0,207
21,1200,sand,1,107
120,1250,sand,0,156
116,1700,dirt,0,134
101,1500,paved,0,108
147,1150,dirt,0,162
7,0,sand,0,37
124,0,sand,0,154
84,1950,dirt,1,153
103,650,paved,0,106
84,950,dirt,0,98
106,1250,paved,0,112
56,150,paved,1,106
36,0,rocky,0,76
47,1000,dirt,0,62
66,1800,paved,0,75
151,800,rocky,0,195
131,0,dirt,0,141
60,1050,sand,1,145
69,50,dirt,0,79
57,1100,paved,1,112
91,1700,dirt,0,109
177,1300,dirt,1,243
21,1950,rocky,0,70
140,1350,rocky,1,236
110,600,sand,0,143
22,300,dirt,1,83
166,1650,sand,1,254
108,1400,dirt,1,175
166,1000,rocky,1,261
28,1100,rocky,1,123
81,1600,paved,1,139
18,150,sand,0,48
183,1950,rocky,0,232
144,1450,sand,0,181
85,1150,paved,0,90
11,0,dirt,1,71
59,250,paved,0,60
50,2000,paved,0,60
31,1000,sand,1,116
58,1300,paved,0,64
142,2000,sand,1,232
168,750,dirt,0,181
89,1300,rocky,0,135
124,1600,paved,1,182
97,1150,paved,0,102
36,1600,rocky,0,84
83,1050,paved,1,138
65,500,paved,0,67
88,150,dirt,1,148
142,1050,paved,0,147
102,1600,sand,0,140
63,850,dirt,0,77
118,400,paved,0,120
194,1600,rocky,1,292
3,350,sand,1,84
65,1300,dirt,1,131
121,1200,dirt,0,137
137,850,sand,0,171
130,1950,sand,1,219
57,800,sand,0,91
114,1150,sand,1,199
52,1700,paved,0,60
79,0,sand,0,109
133,150,dirt,0,143
73,1450,rocky,1,170
197,1550,dirt,0,214
179,850,paved,1,233
190,350,rocky,0,231
31,1200,sand,0,67
16,1650,sand,1,104
28,1400,dirt,1,95
124,100,rocky,0,164
71,700,sand,0,104
121,550,dirt,0,133
154,1550,paved,0,161
45,950,paved,1,99
25,1300,paved,0,31
159,1150,paved,1,214
155,1800,rocky,0,204
100,450,paved,1,152
7,1350,rocky,1,103
76,1000,paved,1,131
185,1300,paved,1,241
72,1450,paved,0,79
39,400,paved,0,41
112,650,paved,0,115
168,200,sand,0,199
146,1900,rocky,1,245
11,1350,paved,1,67
109,1400,paved,1,166
179,650,sand,1,262
76,1800,paved,0,85
162,750,paved,1,215
137,1400,dirt,1,204
141,1650,rocky,1,239
48,450,paved,1,100
43,150,sand,1,123
1,700,paved,1,54
61,1100,dirt,0,76
183,1500,rocky,1,280
104,300,rocky,1,195
81,500,sand,0,113
45,1400,sand,0,82
70,2000,sand,1,160
29,2000,dirt,0,49
128,100,rocky,1,218
20,400,dirt,0,32
154,850,rocky,1,248
51,550,rocky,0,93
103,1400,paved,0,110
111,1700,paved,0,119
143,1600,sand,1,231
31,1950,sand,0,70
42,2000,sand,1,132
21,350,sand,1,102
185,850,paved,1,239
47,700,paved,0,50
59,350,dirt,1,120
40,700,sand,1,123
8,250,rocky,1,99
139,1800,paved,1,198
88,500,paved,0,90
51,1400,dirt,0,68
56,200,paved,0,57
35,1700,dirt,0,53
175,1400,paved,0,182
12,1750,dirt,1,80
86,1350,sand,0,122
86,1250,dirt,0,102
45,1300,paved,1,101
10,0,sand,0,40
98,900,rocky,0,142
61,1450,rocky,1,158
184,1550,dirt,1,251
179,1600,sand,1,267
108,0,rocky,1,198
13,1550,dirt,0,30
94,1350,sand,1,180
90,750,paved,1,143
144,1400,sand,1,231
53,1000,rocky,1,148
107,1050,rocky,0,152
178,350,dirt,1,239
115,850,dirt,1,179
6,800,rocky,1,100
147,1850,rocky,0,196
152,1650,paved,1,210
7,0,dirt,1,67
136,0,sand,0,166
49,300,sand,0,80
153,1000,paved,1,208
190,50,dirt,0,200
91,1350,paved,0,97
190,1500,rocky,1,287
75,1050,paved,1,130
122,1600,paved,0,130
142,700,rocky,1,235
68,1300,paved,1,124
10,1900,paved,1,69
29,900,dirt,0,43
165,100,sand,1,245
71,700,rocky,0,114
192,1450,dirt,0,209
51,1450,paved,0,58
155,1450,paved,0,162
146,1800,rocky,0,195
122,1150,dirt,0,137
108,900,paved,1,162
61,2000,dirt,0,81
164,200,rocky,1,255
95,0,rocky,1,185
153,300,paved,1,204
184,0,dirt,1,244
138,2000,rocky,1,238
21,200,sand,0,52
37,1900,dirt,0,56
189,1000,sand,1,274
60,1550,rocky,0,107
118,1050,dirt,1,183
128,1700,paved,0,136
118,1600,sand,0,156
84,1750,paved,0,92
68,1100,rocky,0,113
6,1200,paved,1,62
76,1500,rocky,0,123
32,950,rocky,1,126
21,1000,sand,1,106
25,1950,rocky,1,124
13,1100,paved,1,68
33,1400,dirt,1,100
186,1250,paved,1,242
78,900,dirt,1,142
117,1300,sand,1,203
70,700,rocky,1,163
144,500,dirt,0,156
193,100,paved,1,243
194,500,sand,0,226
124,1650,sand,0,162
76,1900,dirt,1,145
106,1300,rocky,0,152
128,1100,sand,1,213
192,1100,dirt,0,207
33,600,sand,1,116
73,200,rocky,1,164
170,650,dirt,0,183
181,550,paved,0,183
102,1850,sand,1,191
74,1650,paved,0,82
129,1450,rocky,1,226
121,2000,rocky,0,171
140,750,dirt,1,203
90,1050,dirt,1,155
30,250,paved,0,31
144,300,rocky,0,185
44,1600,sand,0,82
1,0,rocky,0,41
69,550,dirt,0,81
19,1900,paved,1,78
148,1200,paved,1,204
2,1000,paved,1,57
51,350,rocky,1,142
150,1950,rocky,0,199
34,1550,paved,1,91
97,1500,sand,1,184
107,250,rocky,1,198
187,450,sand,1,269
73,50,rocky,1,163
100,300,sand,1,181
82,950,sand,0,116
140,200,sand,1,221
74,400,dirt,1,136
105,1600,sand,0,143
96,550,rocky,0,138
176,1800,sand,0,215
53,1050,sand,0,88
105,700,dirt,0,118
89,1850,sand,1,178
7,1000,rocky,0,52
71,300,dirt,1,132
160,1600,rocky,1,258
115,1900,dirt,1,184
106,2000,paved,1,166
79,1150,sand,1,164
96,0,dirt,1,156
137,1550,sand,1,224
180,350,dirt,1,241
65,950,rocky,0,109
77,700,dirt,0,90
56,1700,paved,0,64
169,1450,paved,0,176
138,250,rocky,1,229
83,1650,dirt,1,151
176,1800,paved,1,235
176,1000,rocky,1,271
90,1350,paved,1,146
184,1600,sand,0,222
67,200,paved,1,118
81,250,paved,1,132
163,950,rocky,1,257
51,200,sand,1,132
115,200,rocky,0,156
43,850,dirt,1,107
173,400,paved,1,225
148,0,dirt,1,208
24,1600,paved,0,32
188,2000,dirt,1,258
126,1050,rocky,0,171
53,250,rocky,0,94
52,300,dirt,1,113
79,1150,paved,0,84
193,500,paved,1,245
94,1400,rocky,0,141
28,1350,dirt,1,94
184,750,paved,0,187
53,1900,sand,0,92
119,500,sand,0,151
58,1900,sand,1,147
99,50,dirt,1,159
77,1600,paved,1,135
73,1650,rocky,0,121
101,0,dirt,1,161
179,450,paved,1,231
171,1400,paved,0,178
119,850,paved,1,173
31,0,sand,1,111
81,0,dirt,0,91
191,900,dirt,1,255
171,1100,rocky,1,266
56,1850,dirt,0,75
175,700,rocky,0,218
71,1450,sand,0,108
128,400,dirt,1,190
76,100,sand,0,106
115,1950,sand,0,154
192,250,sand,1,273
111,100,paved,1,161
34,1100,dirt,0,49
185,2000,sand,0,225
152,1050,sand,0,187
54,200,rocky,1,145
87,1600,dirt,0,105
160,1450,paved,1,217
199,800,dirt,0,213
125,1050,paved,1,180
119,650,paved,0,122
156,1400,dirt,0,173
2,1900,rocky,1,101
31,0,sand,1,111
98,1400,paved,0,105
128,1400,dirt,0,145
1,550,dirt,0,13
114,1850,rocky,1,213
74,400,paved,1,126
119,1700,dirt,0,137
10,150,sand,1,90
141,1400,rocky,0,188
199,900,sand,1,283
84,400,paved,0,86
127,1050,rocky,1,222
67,1200,rocky,0,113
198,1100,dirt,1,263
44,800,sand,1,128
198,550,paved,1,250
193,0,rocky,0,233
44,1100,sand,0,79
117,1200,dirt,0,133
101,1800,sand,1,190
182,0,paved,1,232
23,1950,rocky,0,72
195,1150,paved,0,200
183,1300,paved,1,239
99,850,sand,1,183
71,500,dirt,0,83
64,1850,sand,1,153
103,1600,dirt,1,171
31,850,dirt,1,95
180,800,paved,1,234
131,50,sand,0,161
55,1750,rocky,1,153
186,2000,sand,1,276
129,550,sand,0,161
118,750,sand,0,151
39,1000,sand,0,74
185,1100,rocky,1,280
47,1750,sand,1,135
109,1650,dirt,0,127
37,350,sand,1,118
196,1300,dirt,0,212
59,50,rocky,1,149
195,1250,sand,0,231
36,350,paved,0,37
170,1650,sand,1,258
121,500,dirt,0,133
9,1400,sand,0,46
40,350,rocky,0,81
125,900,dirt,0,139
43,800,sand,1,127
109,900,paved,1,163
91,50,rocky,0,131
82,1300,paved,0,88
75,1950,paved,1,134
81,1400,rocky,0,128
47,700,paved,1,100
116,1550,rocky,0,163
193,1100,sand,0,228
166,1250,dirt,0,182
64,300,dirt,0,75
185,1250,sand,0,221
149,0,paved,0,149
32,50,dirt,0,42
94,1300,paved,1,150
145,400,sand,0,177
71,650,sand,0,104
159,350,rocky,0,200
88,1150,sand,1,173
186,1200,dirt,1,252
20,600,rocky,0,63
188,300,sand,1,269
159,200,rocky,1,250
29,450,dirt,0,41
70,1000,sand,1,155
30,150,sand,0,60
146,300,rocky,1,237
132,1200,paved,1,188
153,600,rocky,0,196
151,1500,sand,0,188
52,1300,paved,0,58
101,1100,paved,0,106
49,100,sand,1,129
152,900,sand,1,236
102,250,rocky,0,143
23,1800,dirt,0,42
179,550,dirt,1,241
170,650,rocky,0,213
99,550,dirt,0,111
30,250,dirt,1,91
82,1800,sand,1,171
188,800,sand,0,222
127,250,dirt,0,138
56,1350,paved,0,62
44,900,paved,1,98
42,450,rocky,1,134
66,1700,dirt,0,84
46,1300,rocky,1,142
15,1300,dirt,0,31
45,1350,paved,0,51
55,250,dirt,0,66
143,50,sand,1,223
128,1200,paved,0,134
43,700,dirt,0,56
46,1550,paved,1,103
89,1500,rocky,0,136
25,150,dirt,0,35
182,650,dirt,0,195
180,350,rocky,0,221
91,1100,rocky,1,186
17,650,sand,0,50
46,2000,dirt,0,66
82,2000,sand,1,172
165,550,sand,1,247
117,1700,rocky,0,165
15,600,sand,0,48
67,1700,rocky,1,165
193,1500,paved,0,200
49,1850,dirt,1,118
96,400,paved,0,98
11,1450,rocky,1,108
194,850,rocky,1,288
135,1300,rocky,0,181
120,900,rocky,0,164
196,400,dirt,1,258
39,600,paved,0,42
51,0,rocky,1,141
140,650,paved,0,143
4,950,dirt,0,18
40,500,rocky,0,82
60,0,rocky,0,100
124,1450,paved,1,181
98,1850,paved,1,157
84,250,paved,1,135
5,100,sand,1,85
187,1900,dirt,1,256
184,1650,rocky,0,232
41,1400,paved,0,48
90,300,paved,0,91
108,1100,sand,0,143
41,1500,dirt,1,108
113,1700,paved,1,171
79,1000,rocky,0,124
116,100,paved,1,166
91,1300,sand,1,177
173,600,paved,0,176
168,550,paved,1,220
196,1050,rocky,0,241
189,400,dirt,1,251
154,1600,paved,1,212
34,650,rocky,1,127
145,750,sand,1,228
97,550,rocky,1,189
80,1850,dirt,1,149
141,1150,sand,1,226
181,1400,rocky,0,228
102,700,rocky,1,195
190,1700,sand,1,278
117,450,paved,0,119
10,700,rocky,1,103
173,650,paved,1,226
5,50,sand,1,85
82,1450,rocky,0,129
66,950,dirt,0,80
17,1650,dirt,1,85
23,250,dirt,1,84
153,750,paved,0,156
45,0,dirt,0,55
89,1100,dirt,0,104
105,900,rocky,1,199
12,1850,paved,0,21
153,100,rocky,0,193
107,50,rocky,1,197
55,1050,sand,1,140
171,650,dirt,0,184
21,450,sand,1,103
81,550,dirt,0,93
88,1200,dirt,0,104
42,1550,rocky,1,139
161,1500,sand,1,248
127,450,sand,0,159
67,250,dirt,1,128
106,1900,paved,0,115
191,600,paved,0,194
185,1300,rocky,0,231
48,1150,dirt,1,113
94,1700,paved,0,102
200,1200,dirt,1,266
6,1350,rocky,0,52
12,1750,rocky,1,110
17,150,dirt,1,77
81,0,paved,0,81
75,650,dirt,0,88
92,1600,paved,0,100
192,1650,paved,0,200
30,1200,paved,1,86
163,150,paved,0,163
138,1050,sand,0,173
148,1550,dirt,0,165
68,1950,paved,1,127
2,300,sand,1,83
82,650,sand,0,115
183,1850,sand,1,272
53,550,dirt,0,65
29,1050,sand,1,114
46,600,paved,1,99
32,1550,paved,0,39
75,1150,paved,0,80
163,200,paved,0,164
74,450,rocky,1,166
10,1700,sand,1,98
158,1400,dirt,1,225
92,1400,dirt,1,159
26,1500,paved,1,83
143,1900,rocky,1,242
133,1800,sand,1,222
58,450,dirt,0,70
67,1150,dirt,1,132
66,500,dirt,0,78
135,1600,sand,0,173
31,1400,dirt,0,48
71,50,dirt,0,81
193,1450,dirt,0,210
122,1900,sand,0,161
102,1250,sand,1,188
103,1550,dirt,0,120
107,600,rocky,0,150
105,1050,dirt,0,120
24,800,paved,1,78
72,0,sand,1,152
67,450,sand,1,149
89,300,dirt,0,100
78,1650,rocky,1,176
120,1700,sand,0,158
58,2000,sand,1,148
120,50,paved,1,170
184,800,dirt,1,248
110,1150,paved,0,115
11,1250,paved,1,67
127,1850,paved,0,136
87,2000,dirt,1,157
79,1350,rocky,0,125
185,150,rocky,1,275
177,1600,sand,0,215
68,1650,rocky,0,116
176,300,paved,1,227
26,450,rocky,1,118
55,1750,rocky,0,103
103,50,dirt,1,163
130,350,sand,0,161
69,1200,sand,1,155
60,100,rocky,0,100
59,950,dirt,1,123
137,400,sand,0,169
5,300,sand,1,86
125,850,rocky,0,169
33,0,dirt,1,93
79,50,sand,1,159
132,1200,dirt,1,198
37,950,sand,0,71
172,1750,rocky,0,220
175,950,sand,1,259
30,1050,rocky,0,75
48,650,dirt,0,61
54,1300,dirt,0,70
169,1700,dirt,1,237
72,950,dirt,0,86
159,250,paved,1,210
176,1400,rocky,0,223
84,250,sand,0,115
151,1350,sand,1,237
9,1800,paved,0,18
4,2000,dirt,1,74
136,1350,dirt,1,202
182,1450,paved,0,189
155,1250,rocky,0,201
142,200,sand,1,223
187,1150,sand,1,272
90,600,dirt,0,103
11,100,paved,1,61
92,950,dirt,1,156
185,550,dirt,0,197
163,1550,rocky,1,260
93,2000,rocky,0,143
85,1000,dirt,0,100
197,1850,paved,0,206
93,900,paved,1,147
191,1350,sand,1,277
68,700,sand,0,101
160,450,rocky,1,252
49,1350,dirt,0,65
174,1900,sand,0,213
86,500,sand,0,118
94,100,sand,1,174
131,1100,sand,0,166
193,1500,paved,1,250
105,1500,dirt,1,172
79,700,paved,1,132
63,500,dirt,1,125
181,1900,paved,0,190
194,1900,sand,0,233
111,300,dirt,1,172
66,1350,rocky,0,112
88,1600,dirt,0,106
166,500,paved,0,168
107,300,rocky,1,198
100,1450,dirt,0,117
51,1450,dirt,1,118
180,500,dirt,0,192
175,1250,rocky,0,221
153,750,paved,0,156
190,1850,dirt,1,259
7,700,sand,0,40
67,1000,sand,1,152
140,1350,dirt,0,156
114,750,sand,0,147
198,1750,rocky,0,246
168,100,dirt,1,228
7,0,sand,0,37
65,400,rocky,0,107
41,1400,rocky,1,138
6,350,sand,0,37
116,1500,paved,0,123
78,200,rocky,1,169
1,1100,rocky,1,96
16,450,sand,0,48
55,950,sand,1,139
77,1250,dirt,1,143
143,150,sand,1,223
56,1200,dirt,0,72
4,850,rocky,0,48
87,1550,paved,0,94
101,400,dirt,0,113
52,1350,paved,1,108
102,500,dirt,0,114
120,300,sand,1,201
152,1200,paved,0,158
2,1050,paved,0,7
12,850,dirt,1,76
95,350,dirt,0,106
62,1700,rocky,1,160
21,2000,dirt,0,41
91,1900,paved,0,100
47,400,sand,0,79
42,1300,dirt,1,108
37,1250,sand,0,73
54,1750,rocky,0,102
40,0,sand,0,70
36,200,paved,1,87
13,1700,dirt,0,31
63,0,paved,0,63
162,1000,rocky,1,257
117,1350,rocky,1,213
26,1300,paved,1,82
126,1400,rocky,0,173
23,50,sand,0,53
158,1600,rocky,0,206
49,1900,rocky,0,98
110,1400,sand,0,147
190,1900,paved,1,249
119,700,sand,1,202
2,600,sand,0,35
89,800,dirt,0,103
114,950,paved,1,168
144,450,sand,1,226
137,550,dirt,1,199
84,1800,paved,1,143
119,2000,sand,0,159
9,1750,dirt,0,27
60,100,rocky,0,100
95,150,rocky,0,135
129,0,dirt,0,139
169,2000,rocky,0,219
173,600,paved,0,176
63,1300,dirt,0,79
46,50,rocky,1,136
90,50,sand,0,120
66,1600,sand,1,154
133,2000,rocky,1,233
46,1350,paved,1,102
59,550,rocky,0,101
85,750,sand,0,118
175,1200,dirt,0,191
54,550,dirt,0,66
186,1350,sand,1,272
22,150,rocky,1,112
51,850,dirt,1,115
169,400,sand,0,201
103,400,dirt,0,115
89,750,rocky,0,132
196,700,sand,1,279
7,1750,sand,1,95
70,950,sand,0,104
143,1000,paved,1,198
142,1000,dirt,1,207
141,2000,paved,1,201
74,1700,sand,0,112
101,300,dirt,1,162
166,200,sand,1,247
83,1500,rocky,1,180
147,400,rocky,1,239
11,1800,sand,1,100
34,1050,rocky,0,79
12,950,paved,1,66
170,150,dirt,1,230
20,1750,sand,1,108
182,1600,sand,1,270
35,150,dirt,1,95
163,1650,rocky,1,261
153,1800,dirt,1,222
18,550,dirt,0,30
91,1400,dirt,0,108
20,450,sand,0,52
146,1350,dirt,0,162
77,100,dirt,1,137
16,850,rocky,1,110
70,1650,dirt,0,88
22,350,rocky,1,113
7,1750,rocky,1,105
21,0,paved,0,21
42,1150,rocky,1,137
40,1500,sand,1,127
71,1550,sand,0,108
152,1000,sand,1,237
138,1200,sand,1,224
113,650,paved,1,166
139,50,rocky,1,229
170,450,dirt,1,232
134,1750,sand,0,172
161,350,paved,0,162
125,450,paved,1,177
66,200,dirt,0,77
135,600,dirt,1,198
60,2000,sand,1,150
196,50,dirt,1,256
39,0,paved,0,39
180,1150,sand,0,215
62,800,paved,0,66
33,1600,dirt,0,51
146,1500,sand,1,233
163,1700,dirt,1,231
152,750,rocky,0,195
140,1250,sand,1,226
153,450,rocky,1,245
49,1550,paved,1,106
148,1600,dirt,0,166
181,300,rocky,1,272
178,100,sand,0,208
134,850,sand,0,168
41,650,dirt,1,104
144,850,dirt,1,208
113,950,paved,1,167
180,600,paved,0,183
115,300,rocky,0,156
60,1250,sand,1,146
129,100,dirt,0,139
33,950,dirt,1,97
18,1350,sand,1,104
97,850,dirt,0,111
196,850,paved,0,200
58,1250,paved,0,64
180,200,sand,0,211
85,1200,sand,0,121
171,100,sand,1,251
200,200,sand,1,281
31,1550,sand,1,118
135,1650,dirt,1,203
96,50,rocky,0,136
156,1700,rocky,0,204
68,850,paved,1,122
62,750,rocky,0,105
7,1650,paved,0,15
101,1700,paved,0,109
91,800,rocky,1,185
61,2000,rocky,1,161
56,50,paved,0,56
15,1850,sand,0,54
23,1850,paved,0,32
8,1650,dirt,0,26
140,150,rocky,1,230
109,1700,paved,1,167
45,1800,rocky,0,94
62,150,sand,0,92
72,1950,paved,1,131
143,1750,dirt,0,161
108,600,paved,0,111
192,0,rocky,1,282
96,1950,rocky,1,195
82,200,sand,1,163
48,900,dirt,0,62
171,700,sand,0,204
7,400,paved,1,59
175,550,rocky,0,217
74,350,rocky,1,165
45,450,rocky,0,87
73,100,sand,0,103
152,1950,dirt,1,221
67,1150,dirt,1,132
48,800,paved,1,102
82,650,rocky,1,175
124,50,rocky,0,164
15,1400,dirt,0,32
60,1450,paved,0,67
38,1900,paved,0,47
189,600,paved,0,192
81,1950,sand,1,170
34,1200,rocky,1,130
97,1600,rocky,1,195
69,1450,sand,1,156
163,750,sand,1,246
108,1750,rocky,0,156
193,550,rocky,0,235
22,2000,paved,1,82
18,1500,paved,0,25
53,1500,sand,1,140
8,1250,dirt,1,74
10,1250,rocky,1,106
187,2000,rocky,1,287
175,750,dirt,1,238
19,850,paved,1,73
3,400,paved,0,5
101,250,dirt,0,112
16,750,sand,1,99
191,1650,paved,1,249
145,1700,sand,1,233
112,450,rocky,0,154
51,100,rocky,0,91
140,1950,dirt,0,159
114,1050,dirt,1,179
115,100,dirt,1,175
164,1200,rocky,0,210
132,850,paved,1,186
102,900,rocky,1,196
193,1050,rocky,1,288
179,250,sand,0,210
87,1700,rocky,1,185
194,1900,paved,1,253
129,500,dirt,0,141
162,1500,sand,1,249
66,1400,sand,0,103
89,1000,sand,0,124
133,1000,dirt,0,148
2,1900,dirt,1,71
141,1100,paved,0,146
60,1800,dirt,0,79
117,450,paved,1,169
83,1900,paved,0,92
48,650,sand,0,81
3,1300,sand,1,89
40,550,dirt,0,52
151,800,dirt,0,165
139,1350,rocky,0,185
30,1800,paved,1,89
179,900,sand,1,263
118,850,paved,0,122
114,2000,rocky,1,214
88,200,dirt,0,99
85,1950,rocky,0,134
197,1100,dirt,0,212
88,1500,dirt,1,155
104,1300,dirt,1,170
186,1550,dirt,0,203
78,1450,dirt,0,95
162,1600,dirt,0,180
89,550,rocky,0,131
139,1500,dirt,1,206
129,600,dirt,1,192
155,100,paved,0,155
174,600,paved,0,177
39,1150,dirt,0,54
152,500,dirt,1,214
41,350,paved,1,92
150,1950,rocky,0,199
16,250,paved,0,17
171,650,rocky,0,214
158,1500,sand,0,195
161,50,rocky,1,251
124,1150,sand,1,209
176,1400,dirt,1,243
66,350,dirt,0,77
65,1700,dirt,1,133
38,1750,paved,0,46
68,2000,sand,1,158
60,1400,sand,1,147
102,700,dirt,0,115
51,300,sand,1,132
133,950,paved,0,137
93,100,paved,1,143
95,2000,paved,0,105
188,1800,sand,1,277
50,700,sand,1,133
75,350,sand,1,156
70,700,paved,1,123
55,300,dirt,0,66
145,2000,rocky,1,245
194,100,rocky,1,284
114,250,dirt,1,175
62,150,dirt,0,72
47,450,sand,0,79
176,150,dirt,1,236
78,1350,rocky,1,174
178,1350,dirt,1,244
84,1500,dirt,1,151
147,1250,sand,1,233
46,500,sand,0,78
58,550,paved,0,60
100,2000,paved,0,110
77,700,paved,1,130
134,850,sand,0,168
25,1350,sand,0,61
137,1900,sand,0,176
197,400,paved,0,199
98,1850,paved,1,157
48,350,rocky,1,139
63,450,rocky,1,155
199,100,paved,0,199
60,700,sand,1,143
156,1350,paved,0,162
97,700,rocky,0,140
98,1300,sand,0,134
86,1750,dirt,0,104
163,800,dirt,1,227
59,1200,sand,1,145
148,250,rocky,1,239
137,1300,paved,0,143
160,1500,paved,0,167
141,1100,dirt,1,206
50,800,sand,1,134
181,500,dirt,0,193
154,200,sand,1,235
110,800,sand,0,144
127,400,rocky,1,219
95,750,sand,0,128
166,600,rocky,0,209
105,550,rocky,0,147
95,1250,sand,0,131
105,700,sand,1,188
30,1600,paved,1,88
180,800,sand,0,214
24,1800,paved,0,33
153,550,dirt,0,165
102,1300,rocky,1,198
111,500,dirt,0,123
22,1850,sand,0,61
102,2000,rocky,1,202
196,1000,dirt,0,211
60,1500,dirt,0,77
63,1400,rocky,1,160
186,1400,paved,1,243
188,1200,paved,0,194
139,450,dirt,0,151
71,1700,rocky,0,119
90,1500,sand,1,177
52,100,dirt,1,112
181,400,paved,1,233
146,1100,dirt,1,211
55,1550,paved,1,112
62,1400,sand,0,99
17,300,paved,1,68
153,1350,sand,0,189
178,1050,dirt,1,243
73,1250,sand,0,109
191,1050,sand,1,276
59,1100,sand,0,94
184,50,dirt,1,244
156,100,sand,1,236
110,900,paved,1,164
105,1650,paved,1,163
57,700,paved,1,110
142,200,paved,1,193
96,300,rocky,0,137
27,1150,rocky,0,72
91,950,paved,0,95
55,300,rocky,0,96
32,1350,sand,1,118
110,1600,dirt,1,178
30,2000,paved,1,90
58,250,rocky,0,99
90,0,sand,0,120
97,800,rocky,0,141
105,950,sand,1,189
71,1950,sand,1,160
15,300,rocky,0,56
189,1150,sand,1,274
135,1500,sand,0,172
166,500,dirt,0,178
88,1400,dirt,1,155
82,1000,dirt,0,97
190,1300,dirt,0,206
24,1000,dirt,1,89
9,450,paved,1,61
125,1350,paved,0,131
141,1050,paved,1,196
117,600,dirt,1,180
199,1250,sand,1,285
159,850,paved,1,213
142,1250,sand,1,228
65,500,rocky,0,107
55,600,rocky,1,148
107,1600,paved,0,115
51,1250,paved,0,57
89,1750,dirt,0,107
83,0,dirt,0,93
91,1950,dirt,1,160
125,1950,paved,1,184
81,0,dirt,1,141
90,1150,paved,0,95
18,1050,paved,0,23
178,1650,paved,1,236
70,350,rocky,0,111
59,900,dirt,1,123
4,1850,rocky,0,53
178,1550,paved,0,185
136,1100,rocky,0,181
140,1800,sand,0,179
49,1700,rocky,1,147
134,1050,rocky,1,229
131,2000,dirt,0,151
32,1000,paved,1,87
179,950,rocky,1,273
197,900,rocky,1,291
168,0,sand,1,248
167,650,rocky,0,210
84,750,paved,0,87
88,1700,rocky,0,136
18,1450,sand,0,55
113,550,sand,0,145
56,150,sand,1,136
38,0,rocky,0,78
183,450,sand,0,215
82,900,rocky,0,126
14,300,sand,0,45
189,0,dirt,1,249
190,450,rocky,0,232
76,1350,rocky,0,122
185,650,paved,0,188
183,2000,rocky,0,233
86,350,paved,1,137
189,800,sand,0,223
83,1200,dirt,0,99
150,500,sand,1,232
43,2000,dirt,0,63
64,1400,paved,0,71
180,1600,rocky,1,278
35,200,sand,1,116
20,750,dirt,1,83
196,1850,paved,0,205
91,0,paved,0,91
122,1150,rocky,1,217
131,1050,paved,1,186
64,1550,dirt,0,81
132,1350,paved,0,138
131,600,paved,0,134
75,550,sand,0,107
128,350,sand,1,209
194,450,dirt,1,256
97,1100,dirt,0,112
175,550,rocky,1,267
25,250,rocky,1,116
60,100,paved,1,110
78,1000,rocky,0,123
151,950,paved,0,155
107,450,rocky,0,149
107,50,sand,0,137
157,1350,dirt,1,223
141,1100,paved,0,146
90,1050,dirt,0,105
61,150,sand,1,141
99,750,paved,1,152
12,450,paved,0,14
25,350,sand,0,56
80,1400,sand,0,117
138,300,paved,1,189
172,500,sand,1,254
48,1700,dirt,0,66
14,400,dirt,1,76
44,950,paved,1,98
96,100,paved,0,96
52,0,sand,1,132
136,150,dirt,1,196
72,1400,sand,1,159
74,400,paved,0,76
171,1200,dirt,0,187
80,100,paved,0,80
12,1300,dirt,1,78
183,1050,rocky,0,228
155,0,rocky,0,195
17,550,dirt,0,29
199,0,paved,0,199
22,550,paved,1,74
120,1450,paved,0,127
94,150,dirt,0,104
51,1450,rocky,0,98
32,1150,dirt,0,47
185,1750,sand,1,273
85,600,rocky,1,178
60,250,paved,0,61
139,1050,dirt,1,204
73,1450,rocky,1,170
71,1000,sand,1,156
127,1250,paved,1,183
51,1250,sand,0,87
47,100,rocky,1,137
113,700,dirt,1,176
73,900,sand,0,107
160,1800,paved,0,169
159,1250,sand,0,195
1,1550,rocky,0,48
146,100,sand,0,176
182,1950,sand,0,221
129,1750,rocky,1,227
146,1800,paved,1,205
174,2000,sand,1,264
164,650,rocky,0,207
129,1850,rocky,1,228
116,950,sand,1,200
175,1700,rocky,1,273
148,950,paved,0,152
30,100,dirt,1,90
24,950,rocky,1,118
178,0,sand,1,258
161,750,rocky,1,254
150,1400,paved,0,157
176,750,sand,1,259
20,1000,paved,1,75
75,450,rocky,0,117
122,700,sand,1,205
130,1100,rocky,0,175
175,1750,dirt,0,193
72,1550,paved,1,129
180,600,sand,1,263
69,1200,sand,1,155
84,1700,dirt,1,152
25,1150,paved,0,30
150,1300,dirt,0,166
33,550,dirt,1,95
10,1450,paved,1,67
44,1850,dirt,0,63
19,1550,dirt,0,36
131,1250,dirt,0,147
177,1800,paved,0,186
140,1650,paved,0,148
23,250,dirt,1,84
120,1250,sand,1,206
153,250,sand,0,184
63,1100,paved,1,118
154,1900,paved,1,213
171,700,paved,1,224
4,1600,paved,1,62
37,800,paved,1,91
121,1800,dirt,1,190
26,1750,sand,0,64
119,0,rocky,0,159
71,50,rocky,0,111
101,700,rocky,0,144
77,850,rocky,1,171
27,1050,sand,0,62
192,450,rocky,0,234
197,2000,dirt,0,217
54,700,paved,1,107
197,1200,dirt,1,263
68,1050,paved,0,73
142,1850,dirt,1,211
81,1950,sand,0,120
89,1700,paved,0,97
125,150,sand,0,155
38,1450,paved,1,95
11,1850,dirt,0,30
13,0,sand,0,43
50,1950,sand,1,139
191,950,paved,1,245
113,600,rocky,0,156
70,1100,paved,0,75
36,1800,sand,0,75
157,1600,rocky,1,255
19,950,dirt,0,33
157,1000,sand,0,192
181,50,sand,1,261
7,2000,rocky,1,107
99,1300,sand,0,135
115,500,sand,1,197
113,850,rocky,0,157
102,850,rocky,0,146
1,800,sand,1,85
28,1000,rocky,0,73
91,450,rocky,0,133
118,1400,sand,1,205
31,1550,rocky,1,128
172,1950,rocky,0,221
49,1850,dirt,1,118
37,500,sand,1,119
184,850,dirt,0,198
16,1900,sand,1,105
36,1550,rocky,1,133
145,1400,sand,1,232
67,1200,rocky,0,113
96,1100,sand,1,181
136,1650,sand,1,224
140,1050,dirt,1,205
31,350,sand,0,62
127,1650,dirt,1,195
140,1600,rocky,1,238
31,500,sand,0,63
16,750,paved,1,69
29,900,paved,1,83
3,450,sand,1,85
145,1900,paved,0,154
20,1650,sand,0,58
195,400,rocky,0,237
143,250,sand,1,224
111,250,rocky,1,202
23,1650,paved,1,81
66,1600,sand,0,104
176,150,rocky,1,266
63,1550,sand,0,100
20,1700,dirt,0,38
46,750,sand,0,79
112,50,dirt,1,172
89,700,rocky,0,132
152,700,paved,1,205
152,400,paved,0,154
119,2000,rocky,0,169
114,0,dirt,1,174
89,850,sand,1,173
126,1100,sand,0,161
72,1300,dirt,1,138
168,1950,rocky,0,217
177,1550,dirt,1,244
199,700,dirt,1,262
67,50,paved,1,117
95,500,rocky,1,187
48,650,dirt,0,61
135,1000,dirt,0,150
150,900,rocky,0,194
73,950,rocky,1,167
25,1600,dirt,1,93
105,800,rocky,0,149
122,800,dirt,1,186
114,950,dirt,0,128
18,1650,paved,0,26
92,1850,paved,1,151
111,1450,paved,0,118
66,1500,sand,1,153
99,1800,sand,0,138
81,300,paved,1,132
157,1450,dirt,0,174
45,1100,sand,1,130
28,300,rocky,1,119
146,1150,dirt,0,161
49,800,sand,1,133
137,250,rocky,0,178
38,0,paved,1,88
5,950,rocky,0,49
183,850,dirt,0,197
96,250,paved,1,147
113,200,paved,0,114
149,1150,dirt,1,214
144,300,sand,0,175
81,850,paved,0,85
191,1400,paved,0,198
29,1250,sand,0,65
160,1850,rocky,0,209
96,550,dirt,0,108
150,1000,sand,1,235
121,1800,dirt,1,190
193,600,paved,1,246
184,1000,rocky,0,229
60,1200,rocky,0,106
14,900,rocky,1,108
22,1050,dirt,1,87
62,450,paved,1,114
106,100,dirt,0,116
113,300,dirt,0,124
178,950,rocky,0,222
20,1650,sand,0,58
7,750,dirt,0,20
94,950,rocky,1,188
19,1050,sand,1,104
78,1900,rocky,0,127
136,850,paved,1,190
184,400,dirt,0,196
61,1300,dirt,0,77
160,1000,sand,1,245
115,200,rocky,1,206
158,150,dirt,1,218
19,900,sand,0,53
133,1850,sand,0,172
18,200,dirt,1,79
19,500,paved,1,71
16,1550,paved,0,23
112,1550,sand,0,149
138,1750,rocky,0,186
78,1900,dirt,0,97
73,400,rocky,1,165
37,500,sand,0,69
53,1750,rocky,1,151
179,1050,dirt,1,244
12,2000,rocky,0,62
92,0,sand,0,122
86,2000,rocky,0,136
131,700,dirt,0,144
3,1400,paved,0,10
37,750,paved,1,90
147,1400,sand,0,184
187,1650,paved,1,245
133,1700,paved,0,141
128,1200,paved,0,134
131,1400,dirt,1,198
193,1200,rocky,0,239
70,1300,paved,0,76
30,100,dirt,1,90
139,1200,dirt,0,155
30,1700,dirt,1,98
16,800,sand,0,50
10,700,dirt,1,73
104,1550,dirt,1,171
118,1550,paved,1,175
200,600,dirt,1,263
136,1350,sand,0,172
184,1400,sand,1,271
181,150,sand,1,261
124,1000,paved,0,129
89,1350,dirt,1,155
76,500,rocky,0,118
5,1300,paved,0,11
137,1400,dirt,0,154
41,150,paved,0,41
191,300,sand,1,272
115,1550,rocky,0,162
134,150,dirt,0,144
89,50,dirt,1,149
136,50,dirt,1,196
10,1650,dirt,0,28
30,350,dirt,1,91
24,200,rocky,0,65
83,850,sand,0,117
20,1800,paved,0,29
178,0,rocky,1,268
100,1050,rocky,1,195
76,1200,sand,0,112
19,250,paved,0,20
188,900,paved,1,242
44,650,rocky,1,137
191,350,paved,1,242
165,1350,dirt,0,181
13,550,paved,1,65
169,500,dirt,1,231
150,500,dirt,0,162
162,700,rocky,1,255
102,250,rocky,0,143
116,900,paved,1,170
184,800,dirt,0,198
141,50,sand,0,171
131,1950,rocky,0,180
114,950,sand,1,198
155,1900,dirt,0,174
48,1450,sand,1,135
10,350,rocky,0,51
60,900,sand,0,94
37,1600,dirt,1,105
132,1750,rocky,0,180
57,1700,rocky,0,105
194,50,rocky,0,234
112,1900,dirt,0,131
43,450,sand,1,125
132,250,sand,1,213
142,600,dirt,0,155
179,1100,dirt,0,194
112,300,paved,0,113
113,1650,sand,1,201
128,800,paved,1,182
42,1200,paved,1,98
14,600,sand,0,47
19,1850,rocky,0,68
200,1150,paved,0,205
140,1300,sand,1,226
109,1750,paved,0,117
157,1450,dirt,1,224
105,850,dirt,1,169
116,1900,paved,1,175
134,850,dirt,0,148
129,1350,sand,0,165
65,1450,sand,1,152
175,1500,paved,1,232
115,400,dirt,0,127
174,1950,rocky,0,223
141,550,rocky,1,233
168,1100,dirt,0,183
62,1900,paved,1,121
180,300,dirt,1,241
62,900,sand,0,96
171,1350,paved,0,177
32,1800,rocky,0,81
135,1050,dirt,0,150
5,650,paved,1,58
80,650,paved,1,133
162,1450,sand,0,199
121,1100,sand,0,156
99,1450,rocky,1,196
72,650,dirt,0,85
56,700,sand,1,139
118,150,sand,1,198
167,900,sand,0,201
58,350,paved,0,59
160,1750,sand,1,248
36,1050,dirt,1,101
34,350,rocky,1,125
148,1850,sand,0,187
95,250,dirt,0,106
17,950,sand,1,101
141,650,rocky,0,184
126,950,rocky,1,220
142,250,dirt,1,203
145,50,paved,0,145
27,1250,sand,1,113
157,350,dirt,1,218
6,900,sand,0,40
35,100,sand,1,115
166,1450,sand,1,253
118,450,dirt,1,180
107,800,paved,0,111
160,1700,dirt,1,228
22,1200,paved,1,78
116,150,sand,0,146
130,1800,sand,1,219
198,1950,paved,1,257
109,750,sand,1,192
54,1250,paved,0,60
163,500,rocky,0,205
110,900,paved,1,164
139,1200,dirt,1,205
37,1650,sand,0,75
9,1900,rocky,1,108
108,150,sand,0,138
130,1150,dirt,0,145
63,200,dirt,1,124
72,1750,dirt,0,90
48,1950,rocky,0,97
154,900,sand,0,188
146,1600,sand,0,184
70,200,sand,1,151
115,250,paved,1,166
198,0,sand,1,278
140,150,dirt,0,150
33,850,rocky,0,77
44,1650,rocky,1,142
123,1100,paved,0,128
93,850,rocky,1,187
125,1450,dirt,1,192
129,1300,sand,1,215
178,350,rocky,0,219
61,700,paved,1,114
137,400,dirt,0,149
59,1700,dirt,1,127
38,1250,paved,1,94
124,500,rocky,1,216
37,500,dirt,0,49
106,350,dirt,0,117
84,350,sand,1,165
28,1750,rocky,1,126
111,1350,paved,1,167
89,1050,sand,0,124
111,1000,paved,1,166
27,550,sand,0,59
13,1500,paved,0,20
136,300,rocky,1,227
8,1000,rocky,0,53
5,400,dirt,1,67
94,200,sand,0,125
46,1800,sand,1,135
171,1100,rocky,0,216
158,650,sand,0,191
65,700,dirt,0,78
26,0,dirt,0,36
101,1700,paved,1,159
39,300,sand,0,70
177,1600,rocky,1,275
54,250,rocky,1,145
63,400,sand,0,95
58,750,rocky,1,151
100,1800,sand,0,139
32,950,paved,1,86
132,300,sand,0,163
189,300,rocky,0,230
5,1050,paved,0,10
62,1000,rocky,1,157
18,850,dirt,1,82
93,0,sand,1,173
4,200,rocky,0,45
106,2000,sand,0,146
139,350,sand,1,220
80,550,sand,0,112
105,1950,dirt,1,174
20,750,rocky,0,63
65,750,paved,0,68
103,150,dirt,1,163
174,100,rocky,0,214
139,1350,rocky,0,185
71,700,dirt,0,84
3,1150,paved,0,8
97,1950,sand,0,136
193,550,paved,0,195
136,200,dirt,1,197
79,650,dirt,0,92
5,1250,dirt,1,71
125,600,paved,1,178
158,150,paved,1,208
42,1150,paved,0,47
57,1950,paved,1,116
59,350,dirt,1,120
64,1200,paved,0,70
39,850,dirt,0,53
43,550,rocky,1,135
138,250,sand,1,219
141,1850,paved,0,150
77,600,rocky,1,170
20,150,rocky,1,110
174,550,sand,0,206
62,1950,paved,0,71
161,1900,paved,1,220
190,300,sand,0,221
1,1100,rocky,1,96
125,1450,rocky,0,172
188,800,rocky,1,282
195,1750,sand,0,233
12,1150,paved,0,17
171,650,dirt,1,234
147,800,dirt,0,161
58,800,sand,1,142
194,1850,dirt,1,263
109,1900,rocky,1,208
198,1650,dirt,0,216
103,1700,rocky,0,151
22,500,paved,0,24
193,400,paved,0,195
42,750,paved,1,95
71,550,sand,1,153
184,1350,sand,0,220
137,350,sand,1,218
58,1800,dirt,0,77
156,850,dirt,1,220
62,1550,rocky,1,159
181,1950,sand,1,270
60,1350,dirt,0,76
71,1550,dirt,0,88
121,1650,rocky,0,169
34,250,sand,1,115
135,1650,rocky,1,233
164,1100,sand,1,249
18,850,rocky,0,62
5,1000,dirt,1,70
134,850,dirt,1,198
65,1700,paved,0,73
7,1050,sand,0,42
142,2000,rocky,1,242
132,50,rocky,0,172
107,1300,paved,1,163
55,350,paved,0,56
191,1500,dirt,0,208
36,250,dirt,1,97
125,1700,sand,1,213
112,650,rocky,0,155
99,1600,paved,1,157
47,50,sand,0,77
38,1350,sand,0,74
131,400,rocky,0,173
84,700,paved,0,87
154,900,paved,0,158
47,1550,rocky,0,94
57,1750,paved,1,115
150,1950,rocky,1,249
183,0,dirt,0,193
88,1750,paved,0,96
9,0,dirt,1,69
84,750,rocky,0,127
94,1300,rocky,0,140
22,1050,dirt,0,37
173,1250,sand,1,259
168,1700,sand,0,206
45,1200,dirt,1,111
35,750,paved,0,38
199,800,rocky,0,243
185,250,rocky,1,276
74,0,sand,0,104
25,1400,rocky,1,122
77,750,dirt,1,140
120,200,sand,1,201
131,1500,rocky,0,178
109,850,sand,1,193
138,1150,paved,0,143
200,50,dirt,0,210
155,650,rocky,1,248
96,1750,rocky,0,144
48,600,sand,0,81
194,1200,sand,0,230
118,1450,dirt,1,185
26,600,paved,0,29
129,1200,paved,0,135
19,1650,paved,0,27
95,1500,sand,0,132
174,600,sand,0,207
53,100,dirt,1,113
50,1950,dirt,0,69
83,1100,sand,0,118
28,1900,rocky,0,77
99,1100,paved,1,154
1,300,dirt,1,62
181,750,dirt,0,194
98,1200,sand,1,184
89,800,dirt,1,153
149,800,paved,0,153
175,900,paved,1,229
67,1900,paved,1,126
167,1600,sand,1,255
138,550,paved,1,190
136,950,rocky,0,180
156,1800,sand,0,195
58,1100,paved,0,63
102,600,rocky,0,145
175,100,sand,1,255
52,800,paved,1,106
82,1200,rocky,0,128
143,300,dirt,0,154
27,150,rocky,0,67
2,1250,paved,0,8
35,1150,dirt,1,100
38,100,dirt,1,98
153,1850,paved,0,162
42,1800,dirt,0,61
19,900,sand,1,103
164,1100,sand,1,249
186,1450,rocky,1,283
118,1500,sand,1,205
104,800,dirt,0,118
177,1250,dirt,0,193
49,1600,paved,0,57
117,100,sand,0,147
135,50,rocky,1,225
43,150,dirt,1,103
185,50,sand,0,215
146,1750,sand,1,234
104,250,rocky,0,145
5,1050,dirt,0,20
2,1000,rocky,0,47
51,1400,dirt,1,118
119,1500,rocky,0,166
114,550,rocky,1,206
141,850,rocky,0,185
158,500,sand,0,190
86,350,rocky,0,127
93,900,rocky,0,137
28,700,sand,0,61
63,250,sand,1,144
73,1450,rocky,1,170
174,1400,dirt,1,241
20,500,dirt,1,82
35,1400,sand,1,122
178,200,dirt,1,239
29,1350,dirt,1,95
131,1050,rocky,1,226
173,0,paved,0,173
132,1750,sand,1,220
66,0,dirt,0,76
100,1950,sand,0,139
200,800,paved,0,204
2,800,rocky,1,96
176,100,dirt,1,236
154,350,dirt,1,215
90,1750,dirt,0,108
99,950,paved,1,153
26,1850,rocky,1,125
38,1100,rocky,1,133
188,2000,dirt,0,208
192,300,rocky,0,233
149,1750,rocky,0,197
83,2000,rocky,0,133
18,1550,rocky,0,65
186,1150,paved,0,191
166,150,rocky,0,206
12,400,paved,0,14
23,500,paved,0,25
104,1350,paved,0,110
77,1050,sand,0,112
191,1900,rocky,1,290
134,300,sand,1,215
193,350,rocky,1,284
191,150,paved,0,191
30,700,paved,1,83
27,1500,rocky,1,124
76,100,sand,1,156
9,200,rocky,1,100
19,1300,dirt,1,85
184,650,sand,1,267
14,1800,dirt,1,83
76,1350,paved,0,82
134,800,rocky,0,178
53,100,sand,0,83
2,800,dirt,0,16
93,600,sand,0,126
177,1700,dirt,0,195
197,2000,sand,0,237
193,500,sand,1,275
134,1350,sand,1,220
103,1450,sand,0,140
23,1750,sand,1,111
59,1100,rocky,1,154
142,1800,sand,1,231
81,1900,sand,1,170
71,200,dirt,1,132
95,650,dirt,0,108
132,150,rocky,1,222
124,1350,dirt,1,190
53,1500,dirt,1,120
58,600,paved,0,61
4,1100,sand,0,39
106,1900,sand,0,145
5,300,dirt,1,66
95,950,paved,1,149
163,900,paved,0,167
7,1850,sand,0,46
158,1400,sand,1,245
168,50,dirt,0,178
57,0,paved,1,107
69,1400,paved,0,76
120,1450,rocky,0,167
83,850,dirt,0,97
18,1500,paved,0,25
18,1550,dirt,1,85
162,1550,paved,1,219
82,700,rocky,1,175
107,150,rocky,0,147
103,1700,dirt,1,171
122,1800,dirt,1,191
177,400,rocky,0,219
46,1450,sand,1,133
89,2000,sand,0,129
84,1000,rocky,1,179
47,850,paved,1,101
96,1100,paved,1,151
34,850,sand,1,118
112,1450,sand,0,149
3,2000,paved,0,13
196,1450,paved,1,253
151,1750,paved,0,159
176,250,paved,1,227
162,650,dirt,1,225
186,950,sand,0,220
121,1100,sand,0,156
155,600,dirt,0,168
159,400,dirt,0,171
190,1500,dirt,1,257
61,700,dirt,0,74
45,1350,rocky,1,141
175,1350,rocky,0,221
17,1650,sand,0,55
21,1250,sand,1,107
84,1000,sand,1,169
79,1700,paved,0,87
136,1050,dirt,0,151
150,0,sand,1,230
167,300,rocky,0,208
102,1850,paved,0,111
151,1350,rocky,0,197
76,1450,paved,0,83
95,800,rocky,1,189
43,150,paved,0,43
178,550,sand,1,260
116,1400,rocky,0,163
38,0,sand,1,118
114,700,paved,0,117
128,0,dirt,1,188
194,1050,paved,1,249
145,1150,rocky,1,240
90,1900,paved,1,149
71,0,paved,0,71
37,1000,rocky,1,132
134,1750,paved,1,192
59,1550,dirt,1,126
180,1900,sand,1,269
111,1100,dirt,0,126
82,700,rocky,1,175
19,650,dirt,1,82
108,450,paved,1,160
118,350,paved,1,169
49,1000,dirt,0,64
132,1350,dirt,0,148
56,700,paved,0,59
116,400,dirt,0,128
17,300,rocky,1,108
43,1500,rocky,0,90
155,1000,paved,0,160
31,1700,dirt,0,49
141,1550,sand,0,178
182,500,sand,1,264
182,2000,rocky,0,232
186,1050,sand,1,271
48,950,rocky,1,142
89,850,sand,1,173
54,100,sand,0,84
145,500,dirt,1,207
101,1650,paved,1,159
85,1250,paved,0,91
188,1450,dirt,1,255
172,550,sand,0,204
96,200,dirt,1,157
178,950,rocky,1,272
62,1550,rocky,0,109
47,1900,dirt,0,66
12,1250,sand,0,48
54,900,paved,1,108
171,1050,dirt,1,236
51,1500,sand,0,88
2,1850,rocky,0,51
74,1550,dirt,0,91
76,1850,sand,1,165
75,350,rocky,0,116
93,1550,paved,1,150
44,2000,rocky,0,94
160,50,paved,1,210
91,350,rocky,0,132
68,600,paved,0,71
61,1400,rocky,1,158
32,1150,dirt,0,47
159,150,sand,1,239
109,800,sand,1,193
112,1500,dirt,0,129
189,950,dirt,1,253
97,1850,rocky,0,146
70,1750,rocky,0,118
128,1450,rocky,0,175
114,750,rocky,0,157
11,950,rocky,1,105
122,2000,sand,0,162
138,150,sand,0,168
82,100,paved,0,82
185,750,paved,0,188
102,1000,paved,1,157
53,1350,dirt,1,119
11,1100,sand,0,46
32,150,dirt,0,42
31,1600,paved,1,89
52,100,paved,1,102
118,1700,paved,0,126
55,750,rocky,1,148
52,800,paved,1,106
42,1250,paved,1,98
43,1950,sand,0,82
74,1700,sand,1,162
188,150,rocky,0,228
52,950,rocky,1,146
86,1050,dirt,0,101
96,150,paved,0,96
111,1200,dirt,1,177
30,1650,dirt,0,48
86,1900,rocky,0,135
10,750,sand,0,43
144,1350,sand,0,180
6,800,paved,0,10
50,100,rocky,0,90
39,350,paved,0,40
195,1450,sand,0,232
13,300,dirt,0,24
23,200,dirt,1,84
93,1150,sand,0,128
117,1350,paved,0,123
5,1000,rocky,1,100
83,900,rocky,0,127
138,1450,rocky,0,185
34,1050,dirt,0,49
197,450,sand,0,229
146,250,rocky,1,237
100,1400,sand,1,187
146,1000,rocky,0,191
71,2000,dirt,1,141
177,1100,rocky,1,272
107,1850,dirt,1,176
164,1850,paved,1,223
28,900,paved,1,82
8,1050,paved,0,13
177,1250,paved,1,233
126,950,sand,0,160
191,1000,dirt,0,206
171,50,paved,0,171
150,250,sand,1,231
11,850,dirt,1,75
14,1600,rocky,1,112
15,1000,sand,0,50
94,1900,dirt,0,113
74,1850,sand,1,163
172,1100,dirt,1,237
115,1250,dirt,1,181
110,700,paved,0,113
18,1100,paved,1,73
93,500,dirt,1,155
72,400,dirt,1,134
32,1000,sand,0,67
180,0,paved,1,230
1,1000,rocky,1,96
149,1350,sand,1,235
79,850,dirt,0,93
39,400,paved,1,91
21,1750,dirt,1,89
1,850,rocky,0,45
51,150,sand,1,131
154,1300,dirt,1,220
39,1150,paved,0,44
95,1000,sand,0,130
63,250,dirt,0,74
13,1950,rocky,1,112
15,1150,sand,0,50
171,1700,paved,0,179
161,350,paved,1,212
169,600,sand,0,202
21,500,sand,1,103
191,50,paved,1,241
16,550,rocky,1,108
113,800,dirt,1,177
114,150,rocky,0,154
42,450,rocky,1,134
142,200,sand,0,173
32,150,sand,0,62
131,1300,rocky,1,227
186,1600,rocky,1,284
32,50,paved,1,82
192,300,paved,0,193
179,900,sand,1,263
132,250,paved,1,183
1,1900,dirt,0,20
107,650,dirt,1,170
194,550,paved,1,246
131,1500,rocky,1,228
74,1900,rocky,1,173
4,100,dirt,0,14
71,1300,paved,0,77
154,400,sand,1,236
159,900,rocky,0,203
180,1050,paved,0,185
12,1100,rocky,1,107
84,1300,sand,0,120
43,1250,rocky,0,89
157,1700,dirt,0,175
60,500,paved,0,62
180,1600,sand,0,218
92,1000,rocky,1,187
176,1550,sand,0,213
48,1250,dirt,0,64
131,1250,sand,0,167
105,1900,sand,0,144
55,700,paved,0,58
106,700,sand,0,139
41,500,sand,1,123
15,1850,paved,1,74
78,200,dirt,0,89
169,1400,dirt,1,236
156,500,paved,1,208
77,1000,rocky,1,172
105,0,sand,1,185
15,350,dirt,0,26
61,200,rocky,0,102
100,1000,dirt,0,115
30,700,paved,1,83
86,800,paved,0,90
102,1800,paved,1,161
35,1600,sand,1,123
10,300,paved,0,11
4,300,paved,1,55
43,600,paved,1,96
148,1800,sand,0,187
185,400,dirt,0,197
104,0,paved,1,154
60,750,sand,0,93
75,200,dirt,0,86
187,1000,sand,1,272
176,450,dirt,0,188
145,550,sand,1,227
95,1500,dirt,0,112
186,700,rocky,0,229
154,1600,rocky,0,202
2,2000,paved,1,62
140,1600,sand,1,228
108,1050,dirt,1,173
195,50,dirt,0,205
105,900,dirt,1,169
139,900,dirt,1,203
33,900,sand,0,67
197,1800,sand,1,286
179,1500,rocky,1,276
143,1350,dirt,1,209
49,350,dirt,0,60
69,1800,dirt,0,88
38,1350,dirt,0,54
28,1600,sand,0,66
103,500,sand,0,135
69,500,dirt,0,81
112,800,paved,1,166
33,650,rocky,0,76
95,950,rocky,0,139
45,850,paved,1,99
177,250,dirt,1,238
171,150,paved,1,221
154,250,rocky,1,245
103,1000,rocky,0,148
42,1700,rocky,0,90
198,450,paved,0,200
4,950,sand,0,38
83,550,dirt,0,95
39,250,dirt,1,100
119,250,rocky,0,160
185,1300,dirt,1,251
84,750,sand,1,167
173,1200,sand,1,259
105,150,sand,1,185
74,850,dirt,0,88
34,1150,sand,1,119
124,750,sand,1,207
127,200,sand,0,158
13,600,dirt,1,76
100,950,paved,1,154
8,1600,paved,0,16
152,1350,rocky,0,198
103,250,paved,1,154
86,400,paved,1,138
194,700,dirt,1,257
13,1250,rocky,1,109
8,1600,rocky,1,106
106,1350,dirt,0,122
56,1800,sand,1,145
199,850,dirt,0,213
100,1850,sand,0,139
77,1950,paved,1,136
92,350,rocky,0,133
56,1000,sand,0,91
50,50,dirt,1,110
115,800,paved,0,119
41,1250,sand,0,77
46,1000,rocky,0,91
103,1050,paved,1,158
129,1750,sand,1,217
151,2000,rocky,1,251
81,1600,rocky,0,129
131,350,rocky,1,222
101,1800,paved,1,160
58,250,sand,0,89
196,900,dirt,1,260
16,50,sand,1,96
82,550,dirt,0,94
16,0,paved,0,16
156,900,paved,1,210
67,850,dirt,1,131
87,50,paved,1,137
179,300,paved,1,230
119,850,paved,1,173
25,1550,paved,0,32
96,1450,sand,1,183
6,300,sand,1,87
140,1900,sand,1,229
172,900,paved,1,226
149,750,dirt,1,212
194,600,paved,0,197
144,1850,sand,1,233
30,550,sand,1,112
173,750,dirt,0,186
60,650,sand,1,143
105,1000,sand,1,190
151,100,paved,1,201
160,1650,dirt,0,178
78,200,rocky,0,119
68,1050,paved,1,123
194,200,dirt,1,255
112,100,rocky,0,152
18,1450,dirt,0,35
171,1200,rocky,0,217
30,1800,dirt,0,49
190,100,rocky,0,230
47,1650,dirt,0,65
4,200,sand,1,85
152,850,rocky,0,196
46,900,rocky,1,140
137,800,paved,0,141
128,450,sand,1,210
140,1150,paved,1,195
162,1250,rocky,1,258
7,500,dirt,0,19
167,600,paved,1,220
185,400,dirt,1,247
101,750,sand,1,184
192,500,dirt,0,204
106,1000,dirt,1,171
173,1200,sand,1,259
147,950,dirt,0,161
126,1800,sand,0,165
94,650,dirt,0,107
180,1050,dirt,1,245
98,250,paved,1,149
132,1200,sand,1,218
101,350,rocky,0,142
91,650,sand,0,124
30,1650,paved,0,38
4,150,paved,1,54
41,650,rocky,1,134
45,800,paved,1,99
175,1950,sand,1,264
128,900,dirt,0,142
99,1200,paved,1,155
33,1050,sand,0,68
45,1750,dirt,1,113
122,300,dirt,1,183
122,50,rocky,0,162
1,1500,dirt,1,68
161,800,paved,0,165
161,400,rocky,0,203
178,200,dirt,0,189
31,1250,dirt,1,97
83,1550,dirt,1,150
27,500,sand,1,109
37,1250,sand,1,123
134,800,sand,1,218
196,250,rocky,1,287
28,250,dirt,1,89
188,1750,paved,1,246
10,700,sand,0,43
101,1050,dirt,1,166
193,50,sand,1,273
192,450,rocky,1,284
73,1300,sand,1,159
175,650,sand,1,258
166,1450,sand,1,253
180,1300,paved,0,186
26,1800,rocky,0,75
20,900,rocky,1,114
63,50,paved,0,63
37,1300,sand,0,73
102,1050,sand,1,187
52,50,paved,0,52
79,1000,paved,1,134
119,1500,rocky,0,166
117,1200,dirt,0,133
64,100,dirt,0,74
120,1850,paved,0,129
149,0,dirt,1,209
14,1550,rocky,1,111
146,1800,sand,0,185
64,850,dirt,1,128
80,850,rocky,1,174
142,400,rocky,1,234
110,650,dirt,0,123
103,1600,dirt,0,121
113,1050,paved,1,168
28,950,rocky,1,122
112,950,rocky,0,156
65,1200,dirt,1,131
17,700,rocky,0,60
133,1750,sand,1,221
136,1250,paved,1,192
154,100,dirt,0,164
195,1100,sand,0,230
129,1600,sand,1,217
182,650,dirt,0,195
183,1000,paved,0,188
74,1050,paved,0,79
6,1100,sand,0,41
136,150,sand,0,166
178,850,paved,1,232
55,750,sand,0,88
12,1150,rocky,0,57
142,850,paved,0,146
151,300,rocky,0,192
10,1050,dirt,1,75
55,1100,sand,1,140
63,1100,rocky,1,158
111,0,sand,0,141
189,1150,dirt,0,204
70,1500,rocky,1,167
4,1750,dirt,0,22
118,350,dirt,1,179
90,1650,paved,1,148
21,1250,paved,1,77
16,1700,sand,1,104
183,950,sand,0,217
31,1500,rocky,0,78
190,900,rocky,1,284
33,500,dirt,0,45
27,850,rocky,1,121
135,1400,dirt,1,202
54,1250,dirt,0,70
186,1600,paved,1,244
6,1900,rocky,1,105
42,1550,rocky,0,89
187,350,dirt,0,198
78,450,rocky,0,120
148,1400,dirt,0,165
184,950,rocky,1,278
176,1000,dirt,1,241
74,150,rocky,0,114
44,1450,dirt,1,111
115,1950,paved,0,124
70,1100,dirt,0,85
103,1100,paved,0,108
55,1850,paved,0,64
54,1800,dirt,1,123
62,1600,sand,0,100
186,400,sand,1,268
177,500,paved,0,179
3,1000,rocky,1,98
40,500,sand,0,72
75,100,paved,0,75
95,0,paved,1,145
84,950,sand,0,118
108,650,paved,1,161
29,650,rocky,1,122
110,1450,rocky,1,207
124,600,sand,0,157
138,1150,paved,1,193
106,1400,rocky,0,153
84,1700,rocky,1,182
2,700,dirt,1,65
70,50,paved,0,70
189,750,sand,1,272
77,1950,dirt,1,146
90,900,paved,1,144
29,500,rocky,0,71
173,1350,sand,1,259
126,950,rocky,0,170
20,350,rocky,0,61
13,1550,rocky,1,110
96,300,dirt,1,157
68,850,sand,0,102
35,1350,sand,0,71
13,550,rocky,0,55
92,250,dirt,1,153
8,1750,dirt,1,76
81,850,rocky,1,175
150,1750,dirt,1,218
61,1000,sand,1,146
199,1800,rocky,0,248
76,900,rocky,0,120
41,950,sand,1,125
197,150,dirt,1,257
151,650,sand,0,184
93,1050,rocky,1,188
88,1850,paved,0,97
104,1950,sand,1,193
97,1600,sand,0,135
3,400,rocky,0,45
1,2000,rocky,1,101
186,2000,paved,1,246
153,250,dirt,1,214
32,1550,dirt,1,99
133,1250,dirt,0,149
158,900,paved,0,162
97,50,rocky,1,187
112,1750,sand,1,200
27,350,paved,0,28
134,200,rocky,0,175
69,950,dirt,0,83
101,950,rocky,0,145
192,1000,paved,0,197
135,0,paved,0,135
119,250,paved,1,170
52,1150,rocky,0,97
4,1350,paved,0,10
185,1000,sand,0,220
42,100,dirt,0,52
137,150,dirt,1,197
132,1000,sand,1,217
123,250,paved,1,174
57,400,sand,1,139
43,850,paved,0,47
66,1500,paved,0,73
139,750,dirt,0,152
67,800,rocky,1,161
140,1750,dirt,1,208
49,700,paved,0,52
176,1700,paved,1,234
56,1300,sand,1,142
87,1250,rocky,0,133
181,1350,dirt,1,247
149,550,dirt,1,211
118,350,sand,1,199
25,1050,rocky,1,120
67,0,rocky,0,107
194,900,rocky,0,238
137,800,paved,1,191
41,1050,rocky,1,136
176,1600,dirt,0,194
1,1300,sand,0,37
7,900,paved,0,11
110,0,dirt,1,170
82,150,rocky,1,172
173,1500,rocky,0,220
106,0,dirt,1,166
115,100,rocky,0,155
50,1600,dirt,0,68
77,1900,rocky,1,176
103,1600,rocky,1,201
122,700,rocky,1,215
199,950,paved,1,253
153,1650,paved,1,211
130,1150,dirt,0,145
67,100,sand,0,97
118,150,sand,1,198
173,1300,paved,1,229
20,100,paved,1,70
105,300,dirt,1,166
32,1550,sand,1,119
89,150,paved,0,89
59,200,paved,1,110
69,1950,rocky,1,168
181,1500,paved,1,238
103,900,paved,0,107
23,1150,dirt,1,88
112,500,paved,1,164
199,1350,sand,0,235
159,2000,dirt,1,229
104,1500,sand,0,141
101,200,dirt,1,162
143,1150,paved,1,198
30,1750,sand,1,118
49,1800,rocky,0,98
173,1350,paved,1,229
88,450,dirt,0,100
55,1450,rocky,1,152
159,750,rocky,1,252
182,750,dirt,0,195
65,1800,sand,0,104
182,1400,dirt,0,199
194,1500,dirt,0,211
73,1900,rocky,0,122
144,250,sand,1,225
138,550,sand,1,220
79,1150,rocky,0,124
125,450,rocky,0,167
40,1200,sand,1,126
10,1100,sand,0,45
102,700,sand,1,185
84,1450,paved,0,91
175,100,sand,1,255
62,150,dirt,0,72
153,250,dirt,1,214
183,1850,paved,0,192
45,2000,paved,0,55
48,50,rocky,1,138
57,1250,dirt,1,123
91,2000,dirt,1,161
22,1950,sand,0,61
121,950,sand,0,155
77,1100,sand,1,162
119,250,paved,0,120
96,1150,paved,0,101
93,250,dirt,1,154
180,900,rocky,0,224
129,1800,sand,0,168
26,400,dirt,0,38
46,250,rocky,0,87
121,1450,paved,0,128
92,750,dirt,1,155
128,50,rocky,1,218
119,100,paved,1,169
123,1650,sand,0,161
175,1900,rocky,1,274
12,1050,paved,1,67
149,600,paved,1,202
53,400,sand,0,85
43,1050,sand,1,128
15,1100,sand,0,50
185,900,dirt,0,199
58,1100,dirt,0,73
89,1250,rocky,0,135
50,650,rocky,1,143
158,650,rocky,1,251
120,1200,dirt,0,136
40,1150,sand,0,75
49,1700,dirt,1,117
84,1000,dirt,0,99
152,1000,rocky,0,197
56,1800,dirt,1,125
74,650,dirt,0,87
126,300,sand,1,207
70,1000,rocky,1,165
91,1150,paved,1,146
110,1800,rocky,0,159
92,0,rocky,1,182
31,0,rocky,0,71
174,1150,paved,1,229
101,1900,sand,0,140
151,900,rocky,1,245
155,1350,dirt,0,171
187,2000,sand,1,277
78,350,sand,0,109
30,1600,dirt,0,48
56,650,dirt,0,69
157,1650,sand,1,245
107,1650,sand,0,145
188,1450,rocky,0,235
61,1050,paved,1,116
127,1250,rocky,1,223
57,1700,rocky,1,155
144,1150,sand,1,229
109,1000,rocky,0,154
34,1200,rocky,0,80
76,850,rocky,0,120
94,550,dirt,1,156
118,200,rocky,0,159
117,1650,dirt,1,185
142,900,sand,1,226
67,1050,dirt,1,132
93,250,sand,0,124
140,800,sand,1,224
56,750,paved,0,59
185,1800,dirt,0,204
84,1150,dirt,1,149
84,750,rocky,0,127
133,450,sand,1,215
150,550,rocky,0,192
154,1100,dirt,0,169
169,0,sand,0,199
148,1450,dirt,1,215
123,400,dirt,1,185
122,650,paved,0,125
112,150,sand,0,142
133,1900,sand,0,172
39,500,paved,1,91
3,1400,paved,1,60
39,2000,dirt,0,59
140,1900,sand,1,229
101,1750,sand,1,189
97,1200,sand,0,133
170,800,rocky,1,264
141,1700,rocky,1,239
32,800,paved,1,86
153,150,paved,0,153
78,1750,paved,0,86
34,800,dirt,0,48
181,750,sand,0,214
55,1600,sand,1,143
73,1700,paved,1,131
71,1300,sand,0,107
182,400,paved,1,234
81,650,sand,1,164
177,750,sand,1,260
144,600,sand,0,177
61,1150,sand,0,96
200,250,dirt,1,261
124,1500,sand,1,211
110,350,sand,1,191
83,950,dirt,0,97
9,2000,sand,1,99
7,750,sand,0,40
54,750,paved,1,107
10,1550,dirt,1,77
13,1750,rocky,0,61
199,1050,dirt,1,264
29,50,dirt,0,39
198,400,rocky,0,240
100,600,sand,1,183
179,1250,dirt,1,245
173,900,paved,0,177
37,1650,dirt,1,105
44,350,paved,1,95
131,50,paved,1,181
122,1950,rocky,1,221
11,1500,paved,0,18
57,1800,sand,1,146
28,1700,paved,0,36
179,600,sand,1,262
72,700,rocky,1,165
144,1250,sand,1,230
103,400,rocky,1,195
42,100,dirt,1,102
185,1700,sand,0,223
6,1850,sand,0,45
87,1650,sand,1,175
40,750,rocky,1,133
188,500,rocky,1,280
15,950,rocky,0,59
193,0,dirt,0,203
143,1300,dirt,0,159
18,1750,dirt,1,86
181,950,paved,1,235
128,1600,dirt,1,196
85,1150,paved,0,90
107,100,sand,0,137
86,2000,paved,1,146
33,1950,rocky,1,132
65,750,rocky,1,158
15,300,paved,0,16
37,1000,rocky,1,132
164,1700,paved,0,172
104,900,paved,1,158
120,450,rocky,0,162
196,1550,paved,1,253
154,950,dirt,1,218
13,950,sand,0,47
78,1500,dirt,1,145
72,800,rocky,0,116
10,250,dirt,0,21
46,1350,dirt,0,62
21,300,rocky,0,62
153,700,rocky,1,246
71,1600,dirt,0,89
144,200,sand,0,175
147,1900,rocky,0,196
5,1150,rocky,0,50
122,850,dirt,1,186
139,350,sand,0,170
68,0,rocky,1,158
52,1450,dirt,0,69
76,1750,sand,0,114
84,100,rocky,0,124
50,1300,paved,0,56
153,1650,paved,1,211
119,350,sand,0,150
164,450,paved,0,166
5,1650,sand,1,93
17,150,paved,0,17
146,0,sand,0,176
169,350,paved,0,170
106,1800,sand,0,145
157,550,paved,0,159
158,300,rocky,0,199
99,350,dirt,0,110
108,450,sand,1,190
25,600,sand,1,108
68,600,dirt,1,131
103,1700,sand,1,191
74,0,paved,1,124
63,250,paved,1,114
198,1550,sand,0,235
83,1050,rocky,0,128
32,1200,sand,0,68
162,1750,dirt,1,230
32,1550,rocky,1,129
64,850,paved,0,68
164,250,paved,1,215
53,700,dirt,1,116
182,1900,dirt,1,251
11,950,rocky,0,55
124,200,rocky,1,215
198,0,dirt,1,258
50,750,dirt,0,63
193,250,dirt,1,254
39,450,sand,1,121
6,2000,dirt,1,76
71,600,dirt,1,134
74,1550,rocky,1,171
179,1300,dirt,0,195
92,850,paved,0,96
17,100,dirt,0,27
169,400,paved,0,171
46,1500,sand,1,133
93,600,paved,0,96
117,450,rocky,1,209
79,550,paved,1,131
182,300,rocky,1,273
80,1650,dirt,0,98
7,1800,sand,1,96
139,1300,rocky,0,185
105,400,dirt,1,167
111,1650,sand,0,149
137,1700,rocky,0,185
149,950,paved,0,153
154,250,sand,1,235
53,200,sand,1,134
198,1350,paved,0,204
65,1350,rocky,0,111
171,1450,paved,0,178
73,1350,dirt,1,139
92,1200,rocky,0,138
53,1650,sand,0,91
98,1700,rocky,1,196
92,200,rocky,1,183
69,1500,rocky,1,166
70,1650,paved,0,78
34,1150,dirt,0,49
196,0,dirt,1,256
197,500,rocky,0,239
72,1050,rocky,1,167
162,150,paved,1,212
163,1150,dirt,1,228
60,1950,sand,0,99
115,1750,sand,1,203
134,450,sand,0,166
158,900,dirt,1,222
32,1600,dirt,0,50
165,1950,dirt,0,184
166,1000,paved,0,171
156,750,paved,0,159
111,950,paved,1,165
49,650,rocky,1,142
85,450,dirt,1,147
162,300,rocky,0,203
107,600,sand,0,140
91,400,sand,1,173
55,1500,sand,1,142
120,500,sand,1,202
81,1400,sand,0,118
24,1600,dirt,0,42
134,950,paved,0,138
60,1350,rocky,0,106
58,1900,rocky,1,157
130,450,paved,0,132
45,550,dirt,0,57
19,600,dirt,0,32
200,1500,rocky,0,247
93,1000,paved,1,148
102,1850,paved,0,111
39,350,rocky,0,80
17,1000,rocky,0,62
180,900,dirt,1,244
41,1500,dirt,0,58
154,2000,dirt,1,224
92,50,paved,1,142
129,1200,sand,1,215
43,100,paved,1,93
12,1050,sand,0,47
122,550,dirt,1,184
97,1000,paved,0,102
23,1250,sand,0,59
86,200,paved,1,137
200,450,dirt,1,262
14,1350,dirt,1,80
126,1200,sand,1,212
150,1250,dirt,1,216
39,200,paved,0,40
61,800,dirt,1,125
136,300,dirt,1,197
32,150,rocky,1,122
47,1200,rocky,0,93
197,1450,sand,0,234
16,150,sand,0,46
119,550,dirt,1,181
142,250,rocky,0,183
102,2000,sand,0,142
90,500,dirt,1,152
175,250,rocky,1,266
163,1950,rocky,1,262
23,1650,rocky,0,71
17,1200,sand,1,103
18,800,paved,0,22
11,750,paved,1,64
115,1250,sand,0,151
116,850,dirt,0,130
75,250,paved,0,76
53,1850,rocky,1,152
167,1700,paved,0,175
196,1450,paved,1,253
108,1950,sand,0,147
164,800,sand,1,248
157,0,sand,1,237
116,800,sand,1,200
61,1000,dirt,0,76
159,550,paved,0,161
97,1050,dirt,1,162
139,550,rocky,0,181
140,1200,dirt,1,206
126,1100,sand,1,211
156,0,rocky,1,246
103,100,dirt,1,163
102,450,dirt,0,114
197,1700,paved,0,205
101,800,dirt,0,115
137,750,dirt,0,150
103,300,paved,0,104
131,1500,rocky,1,228
140,1750,paved,1,198
67,300,rocky,1,158
43,850,rocky,0,87
68,600,rocky,1,161
13,1400,rocky,1,110
42,1650,rocky,0,90
59,0,paved,1,109
39,750,sand,0,72
168,1750,dirt,1,236
30,500,dirt,0,42
122,1400,paved,1,179
19,950,rocky,0,63
22,50,paved,1,72
190,950,rocky,1,284
126,1550,rocky,1,223
82,1500,dirt,0,99
78,1200,paved,0,84
130,550,sand,1,212
31,1150,dirt,1,96
46,600,sand,1,129
151,1650,rocky,0,199
156,500,paved,0,158
116,300,sand,1,197
75,1100,dirt,1,140
77,400,paved,0,79
26,500,sand,0,58
169,250,sand,1,250
140,1250,rocky,1,236
191,1350,rocky,1,287
116,1050,sand,1,201
110,700,dirt,1,173
105,50,rocky,1,195
77,1200,dirt,1,143
125,0,rocky,1,215
124,1900,sand,0,163
140,1600,dirt,0,158
173,1450,dirt,1,240
193,400,paved,0,195
97,1650,paved,1,155
86,1750,rocky,0,134
136,100,sand,1,216
164,100,dirt,0,174
108,1700,rocky,1,206
150,0,rocky,0,190
167,1400,rocky,1,264
188,1800,sand,1,277
142,350,sand,0,173
80,1300,dirt,0,96
71,1000,dirt,1,136
165,750,dirt,0,178
25,500,dirt,1,87
60,350,paved,0,61
116,250,rocky,0,157
35,800,paved,0,39
108,1450,paved,1,165
27,1550,dirt,1,94
187,1650,paved,0,195
75,100,dirt,0,85
46,250,paved,0,47
189,1100,paved,1,244
159,0,sand,0,189
13,1500,paved,1,70
81,1850,paved,1,140
14,1000,dirt,0,29
105,350,paved,1,156
65,1850,sand,0,104
98,1500,paved,0,105
51,950,paved,1,105
102,1050,dirt,1,167
45,1250,dirt,1,111
28,0,dirt,1,88
100,1200,dirt,1,166
141,700,rocky,1,234
12,250,rocky,1,103
175,500,dirt,1,237
134,1300,rocky,0,180
100,350,sand,0,131
188,1600,sand,1,276
76,100,dirt,0,86
57,0,paved,1,107
25,2000,sand,0,65
23,1700,rocky,1,121
16,1600,dirt,0,34
132,1700,sand,1,220
162,450,paved,0,164
32,1350,dirt,1,98
60,1550,paved,1,117
133,300,rocky,1,224
111,1450,rocky,0,158
122,550,rocky,0,164
133,1850,sand,1,222
136,1150,sand,0,171
80,1800,sand,1,169
69,2000,rocky,1,169
35,650,sand,1,118
5,800,rocky,1,99
183,2000,sand,1,273
36,2000,rocky,1,136
158,700,paved,1,211
167,1700,sand,1,255
104,450,dirt,1,166
50,1550,paved,1,107
183,1500,dirt,1,250
96,1600,dirt,0,114
181,550,dirt,1,243
43,800,sand,0,77
160,1550,dirt,0,177
69,1600,dirt,1,137
9,450,dirt,1,71
143,1200,paved,0,149
59,600,rocky,0,102
130,850,rocky,1,224
85,1150,dirt,0,100
182,700,rocky,1,275
26,50,dirt,1,86
178,250,dirt,1,239
123,50,paved,1,173
190,1750,dirt,0,208
39,1250,dirt,1,105
153,800,paved,0,157
156,1400,paved,1,213
163,50,rocky,0,203
173,150,paved,0,173
128,500,rocky,1,220
67,900,sand,0,101
20,2000,sand,0,60
148,50,sand,0,178
120,1250,sand,1,206
89,100,sand,1,169
65,250,paved,0,66
41,350,dirt,1,102
12,150,sand,1,92
158,1700,paved,1,216
99,1000,dirt,1,164
185,700,sand,0,218
120,750,sand,0,153
103,550,sand,0,135
85,1500,paved,0,92
147,650,paved,0,150
46,100,sand,1,126
41,50,sand,0,71
177,0,sand,0,207
153,1650,paved,1,211
92,300,sand,0,123
94,1750,rocky,1,192
61,1700,sand,1,149
168,350,paved,1,219
118,1150,rocky,0,163
171,1450,rocky,0,218
124,2000,dirt,1,194
200,2000,rocky,0,250
39,150,sand,0,69
55,50,rocky,0,95
34,1350,sand,0,70
106,1650,dirt,1,174
69,100,paved,1,119
81,650,sand,1,164
21,150,sand,0,51
196,650,dirt,1,259
103,750,paved,0,106
34,0,dirt,0,44
50,350,sand,1,131
131,1750,sand,1,219
8,2000,rocky,1,108
86,850,sand,0,120
162,1500,paved,0,169
198,1150,sand,0,233
98,250,sand,0,129
113,950,sand,1,197
199,1550,rocky,1,296
161,250,rocky,1,252
146,850,paved,1,200
19,1500,rocky,0,66
162,1200,rocky,1,258
121,1100,sand,0,156
147,900,sand,1,231
168,1750,paved,0,176
173,1900,dirt,1,242
197,200,paved,0,198
44,1650,rocky,0,92
91,950,sand,0,125
33,1150,paved,0,38
89,1650,dirt,0,107
109,650,dirt,0,122
102,1900,sand,1,191
22,1750,paved,0,30
20,450,dirt,0,32
79,600,rocky,1,172
138,2000,sand,0,178
57,600,rocky,1,150
12,250,rocky,1,103
89,600,dirt,0,102
186,1800,rocky,0,235
173,900,sand,0,207
184,1700,sand,0,222
58,1600,dirt,0,76
115,500,sand,1,197
4,1450,paved,1,61
39,200,paved,0,40
75,250,rocky,0,116
26,1450,rocky,1,123
91,650,sand,0,124
75,400,sand,0,107
126,1050,rocky,1,221
7,350,sand,0,38
60,1000,paved,0,65
180,550,paved,0,182
23,150,paved,0,23
161,650,sand,1,244
58,750,sand,0,91
134,50,dirt,1,194
7,1050,rocky,1,102
137,850,sand,0,171
146,250,rocky,0,187
92,1950,dirt,0,111
197,500,sand,1,279
71,1100,paved,1,126
42,1000,sand,0,77
18,250,paved,1,69
92,1000,dirt,0,107
193,1950,dirt,1,262
88,1500,paved,1,145
115,450,sand,0,147
54,1450,sand,0,91
187,1400,dirt,0,204
51,1650,sand,1,139
148,400,dirt,0,160
135,2000,sand,1,225
152,800,dirt,1,216
118,900,rocky,1,212
71,250,dirt,0,82
16,1200,sand,1,102
187,1500,sand,0,224
26,300,paved,0,27
185,1250,rocky,0,231
63,1850,rocky,1,162
161,100,dirt,1,221
119,1700,sand,1,207
176,1000,dirt,0,191
23,350,rocky,1,114
102,250,rocky,0,143
165,1250,sand,0,201
91,1050,sand,0,126
140,1400,sand,0,177
22,1200,sand,1,108
191,450,sand,0,223
128,1850,paved,0,137
140,1350,dirt,0,156
149,1700,dirt,0,167
143,650,rocky,0,186
48,500,paved,1,100
72,450,paved,1,124
86,1500,rocky,0,133
73,1850,rocky,1,172
155,500,paved,1,207
132,450,dirt,0,144
108,850,sand,0,142
143,1150,sand,0,178
25,1450,rocky,0,72
79,1600,rocky,0,127
21,950,paved,1,75
129,1000,sand,0,164
108,100,paved,0,108
2,750,dirt,1,65
98,1000,rocky,1,193
48,350,rocky,1,139
65,200,sand,1,146
88,450,rocky,1,180
154,700,paved,0,157
68,1500,paved,0,75
74,1800,sand,0,113
173,800,paved,1,227
37,1900,sand,0,76
137,750,sand,1,220
90,600,sand,0,123
122,1850,dirt,0,141
30,600,paved,0,33
112,350,dirt,1,173
181,1350,rocky,1,277
50,1100,sand,1,135
44,250,sand,0,75
146,750,dirt,0,159
110,1700,sand,1,198
184,250,dirt,1,245
125,1100,rocky,1,220
30,1400,dirt,0,47
31,100,sand,1,111
103,2000,sand,0,143
158,1650,rocky,0,206
67,650,paved,0,70
104,800,dirt,1,168
154,700,paved,0,157
137,1450,dirt,0,154
13,1800,paved,1,72
68,250,paved,1,119
10,300,paved,1,61
166,1450,dirt,1,233
13,100,paved,0,13
188,1050,sand,0,223
59,1800,paved,1,118
10,1650,dirt,1,78
122,600,dirt,0,135
171,1550,sand,1,258
54,650,dirt,0,67
154,350,dirt,0,165
120,600,paved,0,123
156,2000,paved,0,166
64,200,sand,0,95
64,1750,sand,0,102
46,350,dirt,1,107
56,50,dirt,1,116
117,450,rocky,0,159
28,1300,sand,1,114
129,1100,dirt,1,194
120,700,rocky,0,163
116,550,dirt,0,128
31,1500,sand,1,118
66,1150,rocky,1,161
3,1600,rocky,0,51
198,400,sand,0,230
106,1950,paved,1,165
47,100,dirt,0,57
192,2000,dirt,1,262
64,1150,sand,1,149
163,1400,sand,1,250
63,800,sand,0,97
32,1950,paved,0,41
167,1800,dirt,0,186
34,1600,rocky,0,82
37,900,sand,0,71
127,400,dirt,0,139
190,1750,dirt,0,208
64,0,sand,1,144
60,100,paved,1,110
69,350,paved,0,70
127,1000,paved,0,132
25,0,paved,0,25
137,650,sand,0,170
98,1300,sand,0,134
148,550,sand,0,180
59,1850,rocky,1,158
131,150,rocky,1,221
46,1750,sand,1,134
106,450,sand,0,138
51,1050,paved,0,56
128,650,paved,1,181
128,1750,sand,1,216
78,950,rocky,1,172
119,0,dirt,0,129
127,400,sand,0,159
119,1950,rocky,0,168
24,1650,rocky,0,72
193,500,paved,1,245
147,850,paved,1,201
49,500,rocky,0,91
174,850,dirt,0,188
133,1900,sand,0,172
34,1050,paved,1,89
61,0,paved,0,61
57,1550,dirt,1,124
143,1300,sand,0,179
151,1750,dirt,0,169
189,1850,rocky,1,288
198,1400,dirt,0,215
200,1850,rocky,1,299
114,650,sand,1,197
81,1200,sand,1,167
10,1550,paved,1,67
168,600,dirt,0,181
164,2000,paved,1,224
81,1750,paved,0,89
84,650,sand,1,167
29,750,rocky,1,122
11,750,rocky,1,104
16,600,sand,0,49
113,350,paved,1,164
45,500,paved,0,47
21,1050,paved,0,26
77,300,dirt,0,88
63,200,rocky,1,154
42,1850,dirt,0,61
173,1750,sand,1,261
144,450,dirt,1,206
108,1300,sand,0,144
109,300,rocky,1,200
89,0,paved,0,89
78,50,paved,0,78
21,1050,dirt,0,36
54,350,dirt,1,115
183,1700,rocky,0,231
148,700,paved,0,151
6,1500,dirt,1,73
70,700,dirt,1,133
80,1400,rocky,0,127
177,1500,sand,0,214
37,450,paved,0,39
39,1000,dirt,0,54
94,50,paved,0,94
73,1000,sand,0,108
158,600,rocky,0,201
66,1350,dirt,1,132
61,400,dirt,1,123
102,1900,paved,1,161
3,400,rocky,1,95
30,850,rocky,0,74
6,400,sand,1,88
44,850,sand,1,128
171,300,dirt,0,182
18,1050,dirt,0,33
133,1050,dirt,1,198
114,350,dirt,0,125
15,1300,rocky,1,111
50,850,rocky,1,144
112,550,dirt,1,174
56,1550,paved,1,113
158,1500,sand,1,245
75,1150,paved,1,130
114,1950,sand,0,153
173,1450,sand,0,210
125,250,paved,1,176
44,1050,sand,0,79
108,650,sand,0,141
131,1750,sand,1,219
111,1650,rocky,1,209
121,900,sand,1,205
145,300,paved,1,196
114,200,dirt,1,175
47,1750,dirt,1,115
22,150,rocky,1,112
194,700,rocky,1,287
66,450,paved,0,68
57,2000,rocky,1,157
78,1600,paved,1,136
194,1200,sand,0,230
109,1250,sand,0,145
78,200,sand,0,109
40,2000,paved,0,50
172,1350,rocky,0,218
170,300,paved,1,221
142,1350,sand,1,228
10,1550,rocky,0,57
61,1500,dirt,0,78
47,450,sand,0,79
111,800,sand,0,145
13,850,sand,0,47
44,900,rocky,1,138
106,250,dirt,0,117
187,1550,dirt,1,254
199,0,sand,0,229
105,600,sand,0,138
36,1050,dirt,1,101
104,200,rocky,1,195
74,1300,sand,1,160
200,1800,rocky,1,299
99,250,dirt,1,160
143,1600,dirt,1,211
171,1350,dirt,1,237
195,600,sand,1,278
154,400,rocky,1,246
31,400,paved,0,33
189,1500,rocky,0,236
16,1150,dirt,1,81
124,800,rocky,0,168
74,1900,sand,1,163
37,250,paved,0,38
19,1700,sand,0,57
98,1250,dirt,1,164
74,1900,rocky,0,123
42,300,dirt,1,103
107,300,paved,0,108
146,1100,rocky,1,241
108,750,rocky,0,151
63,1400,paved,0,70
185,1000,sand,0,220
60,1550,paved,1,117
74,0,sand,0,104
118,1100,paved,0,123
165,350,dirt,0,176
135,1150,dirt,1,200
198,550,dirt,1,260
160,1850,paved,0,169
104,150,dirt,1,164
152,1250,sand,1,238
110,1550,rocky,1,207
89,500,sand,1,171
102,650,dirt,1,165
158,800,dirt,0,172
85,1100,sand,1,170
28,1350,dirt,0,44
33,1850,dirt,1,102
73,300,dirt,0,84
199,1000,sand,0,234
78,1350,paved,0,84
148,1650,rocky,1,246
147,500,sand,1,229
188,900,sand,0,222
123,200,sand,0,154
187,750,rocky,0,230
10,850,sand,1,94
51,1900,dirt,1,120
136,1150,sand,0,171
55,1700,rocky,1,153
121,850,rocky,0,165
175,1450,paved,1,232
80,2000,dirt,0,100
88,400,rocky,1,180
77,1850,dirt,1,146
168,1450,sand,1,255
91,1550,rocky,0,138
38,350,rocky,1,129
198,1250,rocky,1,294
103,50,paved,0,103
177,950,rocky,0,221
78,2000,sand,1,168
5,600,sand,0,38
105,1300,rocky,1,201
16,350,paved,1,67
95,1550,rocky,0,142
75,50,paved,1,125
135,1000,dirt,1,200
9,600,rocky,0,52
160,600,rocky,0,203
46,450,rocky,0,88
28,600,paved,0,31
184,100,dirt,1,244
117,450,rocky,1,209
112,950,dirt,1,176
158,1300,sand,1,244
117,800,sand,1,201
12,1050,paved,1,67
194,1000,paved,1,249
45,300,dirt,1,106
112,0,sand,0,142
79,1250,rocky,1,175
72,1000,rocky,1,167
94,200,dirt,0,105
32,400,dirt,1,94
139,700,dirt,1,202
187,1800,rocky,1,286
128,1600,rocky,0,176
43,1150,dirt,0,58
118,200,sand,0,149
36,1500,sand,0,73
36,500,sand,1,118
124,300,paved,1,175
7,1200,sand,1,93
116,1700,sand,1,204
50,750,dirt,1,113
123,950,sand,1,207
96,1350,rocky,1,192
70,1150,paved,1,125
106,1650,sand,1,194
17,1850,dirt,1,86
129,100,sand,1,209
88,450,sand,1,170
91,550,dirt,1,153
62,100,sand,0,92
25,800,dirt,1,89
127,1800,sand,0,166
62,1750,paved,0,70
46,950,dirt,1,110
3,350,sand,0,34
128,600,paved,0,131
3,1900,dirt,0,22
61,200,rocky,0,102
66,1800,dirt,0,85
113,500,rocky,1,205
113,1950,dirt,1,182
56,600,dirt,1,119
153,1100,rocky,0,198
90,800,dirt,0,104
141,1050,sand,1,226
6,200,dirt,0,17
179,600,sand,1,262
192,750,paved,0,195
45,1100,sand,1,130
38,1600,dirt,0,56
84,2000,sand,1,174
82,400,paved,1,134
35,100,dirt,1,95
82,1850,paved,0,91
41,300,paved,1,92
83,1800,sand,1,172
44,1800,paved,0,53
189,950,dirt,0,203
66,450,rocky,1,158
137,600,dirt,1,200
130,1850,dirt,0,149
23,1600,dirt,0,41
24,200,sand,0,55
160,150,dirt,1,220
109,1250,sand,1,195
41,550,sand,0,73
114,950,paved,1,168
29,500,rocky,1,121
55,1400,rocky,1,152
137,500,dirt,0,149
117,1350,sand,0,153
36,1450,rocky,0,83
199,1850,dirt,0,218
80,1800,sand,0,119
102,100,sand,1,182
75,550,dirt,0,87
20,250,dirt,1,81
47,300,dirt,0,58
158,2000,paved,1,218
46,1000,paved,0,51
127,0,rocky,0,167
19,1450,rocky,1,116
145,1050,dirt,0,160
170,950,rocky,1,264
111,1900,sand,1,200
190,900,paved,1,244
188,900,dirt,1,252
39,1100,dirt,1,104
200,1200,paved,0,206
111,1350,rocky,0,157
185,350,dirt,0,196
129,1100,dirt,0,144
143,1400,sand,0,180
14,1150,rocky,1,109
103,1800,sand,0,142
13,600,paved,1,66
49,250,paved,1,100
171,1400,paved,1,228
41,250,sand,1,122
119,1400,paved,1,176
80,450,dirt,0,92
181,1300,sand,0,217
39,450,rocky,0,81
68,1800,paved,0,77
138,650,paved,0,141
64,1600,sand,0,102
19,1650,rocky,0,67
70,1600,paved,0,78
19,0,rocky,1,109
156,1900,sand,1,245
125,850,paved,1,179
1,700,rocky,0,44
105,1350,sand,1,191
188,150,sand,0,218
174,700,sand,1,257
115,1600,sand,1,203
42,850,sand,1,126
2,1050,sand,0,37
